fileName;pathToFile;logging;exceptionExhaustive;exceptionBaseHeuristic;exceptionIncrementalHeuristic;exceptionAdvancedHeuristic;totalAmountSolutionsExhaustive;totalAmountSolutionsBaseHeuristic;totalAmountSolutionsIncrementalHeuristic;totalAmountSolutionsAdvancedHeuristic;amountCheapestSolutionsExhaustive;amountCheapestSolutionsBaseHeuristic;amountSolutionsIncrementalHeuristic;amountCheapestSolutionsAdvancedHeuristic;costCheapestSolutionExhaustive;costCheapestSolutionBaseHeuristic;costCheapestSolutionIncrementalHeuristic;costCheapestSolutionAdvancedHeuristic;exhaustiveCombsGenInSec;exhaustiveCalcMeasureInSec;exhaustiveExecutionTimeInSec;baseHeuristicCombsGenInSec;baseHeuristicCalcMeasureInSec;baseHeuristicExecutionTimeInSec;incrementalHeuristicCombsGenInSec;incrementalHeuristicCalcMeasureInSec;incrementalHeuristicExecutionTimeInSec;advancedHeuristicCombsGenInSec;advancedHeuristicCalcMeasureInSec;advancedHeuristicExecutionTimeInSec;amountReaders;amountWriters;amountDataObjects;averageAmountDataObjectsPerDecision;amountReadersPerDataObject;amountWritersPerDataObject;amountExclusiveGateways;amountParallelGateways;amountTasks;amountElements;amountSumAddActors;averageAmountAddActors;privateSphereSize;averageSphereSum;pathsThroughProcess;amountMandConst;amountExclConst
randomProcessModel7_annotated1.bpmn;/home/necmic/Onedrive/Desktop/EvaluationSetup/Test1_1-BoundaryTest1_Static/BoundaryTest_decision-1/annotated/randomProcessModel7_annotated1.bpmn;null;null;null;null;null;10;1;1;1;1;1;1;1;0.0;0.0;0.0;0.0;2.49178E-4;2.72348E-4;5.21526E-4;1.96713E-4;7.6839E-5;2.73552E-4;0.001883664;5.58896E-4;0.00244256;6.4578E-4;1.02924E-4;7.48704E-4;2.0;3.0;1;1.0;2.0;3.0;1;0;10;14;3;3.0;6;1.0;2;0;0
randomProcessModel5_annotated1.bpmn;/home/necmic/Onedrive/Desktop/EvaluationSetup/Test1_1-BoundaryTest1_Static/BoundaryTest_decision-1/annotated/randomProcessModel5_annotated1.bpmn;null;null;null;null;null;10;1;1;1;1;1;1;1;0.0;0.0;0.0;0.0;1.38636E-4;3.24907E-4;4.63543E-4;2.4208E-4;9.4736E-5;3.36816E-4;2.18158E-4;8.9456E-5;3.07614E-4;3.33993E-4;7.2378E-5;4.06371E-4;2.0;3.0;1;1.0;2.0;3.0;1;0;10;14;3;3.0;6;1.0;2;0;0
randomProcessModel10_annotated1.bpmn;/home/necmic/Onedrive/Desktop/EvaluationSetup/Test1_1-BoundaryTest1_Static/BoundaryTest_decision-1/annotated/randomProcessModel10_annotated1.bpmn;null;null;null;null;null;10;1;1;1;1;1;1;1;0.0;0.0;0.0;0.0;1.98438E-4;2.21596E-4;4.20034E-4;2.17672E-4;7.9777E-5;2.97449E-4;2.02395E-4;9.6258E-5;2.98653E-4;2.10669E-4;9.43E-5;3.04969E-4;2.0;3.0;1;1.0;2.0;3.0;1;0;10;14;3;3.0;6;1.0;2;0;0
randomProcessModel6_annotated1.bpmn;/home/necmic/Onedrive/Desktop/EvaluationSetup/Test1_1-BoundaryTest1_Static/BoundaryTest_decision-1/annotated/randomProcessModel6_annotated1.bpmn;null;null;null;null;null;10;1;1;1;1;1;1;1;0.0;0.0;0.0;0.0;1.71762E-4;2.28308E-4;4.0007E-4;1.81186E-4;1.06329E-4;2.87515E-4;1.47707E-4;6.8342E-5;2.16049E-4;2.27411E-4;1.20666E-4;3.48077E-4;2.0;3.0;1;1.0;2.0;3.0;1;0;10;14;3;3.0;6;1.0;2;0;0
randomProcessModel2_annotated1.bpmn;/home/necmic/Onedrive/Desktop/EvaluationSetup/Test1_1-BoundaryTest1_Static/BoundaryTest_decision-1/annotated/randomProcessModel2_annotated1.bpmn;null;null;null;null;null;10;1;1;1;3;1;1;1;1.0;1.0;1.0;1.0;1.62309E-4;2.94482E-4;4.56791E-4;1.77501E-4;8.3265E-5;2.60766E-4;2.30004E-4;7.7935E-5;3.07939E-4;2.59396E-4;9.4949E-5;3.54345E-4;2.0;3.0;1;1.0;2.0;3.0;1;0;10;14;3;3.0;6;1.0;2;0;0
randomProcessModel9_annotated1.bpmn;/home/necmic/Onedrive/Desktop/EvaluationSetup/Test1_1-BoundaryTest1_Static/BoundaryTest_decision-1/annotated/randomProcessModel9_annotated1.bpmn;null;null;null;null;null;10;1;1;1;3;1;1;1;1.0;1.0;1.0;1.0;1.52487E-4;2.05777E-4;3.58264E-4;1.42307E-4;6.836E-5;2.10667E-4;2.45928E-4;9.0365E-5;3.36293E-4;2.59924E-4;7.3611E-5;3.33535E-4;2.0;3.0;1;1.0;2.0;3.0;1;0;10;14;3;3.0;6;1.0;2;0;0
randomProcessModel4_annotated1.bpmn;/home/necmic/Onedrive/Desktop/EvaluationSetup/Test1_1-BoundaryTest1_Static/BoundaryTest_decision-1/annotated/randomProcessModel4_annotated1.bpmn;null;null;null;null;null;10;1;1;1;1;1;1;1;0.0;0.0;0.0;0.0;1.69374E-4;0.001684345;0.001853719;1.88831E-4;8.5637E-5;2.74468E-4;1.29419E-4;4.5951E-5;1.7537E-4;6.32646E-4;7.2225E-5;7.04871E-4;2.0;3.0;1;1.0;2.0;3.0;1;0;10;14;3;3.0;6;1.0;2;0;0
randomProcessModel1_annotated11.bpmn;/home/necmic/Onedrive/Desktop/EvaluationSetup/Test1_1-BoundaryTest1_Static/BoundaryTest_decision-1/annotated/randomProcessModel1_annotated11.bpmn;null;null;null;null;null;10;1;1;1;1;1;1;1;0.0;0.0;0.0;0.0;1.73173E-4;2.19816E-4;3.92989E-4;9.56E-5;4.4347E-5;1.39947E-4;2.5279E-4;5.9084E-5;3.11874E-4;2.40517E-4;7.5328E-5;3.15845E-4;2.0;3.0;1;1.0;2.0;3.0;1;0;10;14;3;3.0;6;1.0;2;0;0
randomProcessModel3_annotated1.bpmn;/home/necmic/Onedrive/Desktop/EvaluationSetup/Test1_1-BoundaryTest1_Static/BoundaryTest_decision-1/annotated/randomProcessModel3_annotated1.bpmn;null;null;null;null;null;10;1;1;1;1;1;1;1;0.0;0.0;0.0;0.0;8.8446E-5;1.29882E-4;2.18328E-4;2.1639E-4;6.2011E-5;2.78401E-4;2.24097E-4;6.1417E-5;2.85514E-4;1.89948E-4;5.6866E-5;2.46814E-4;2.0;3.0;1;1.0;2.0;3.0;1;0;10;14;3;3.0;6;1.0;2;0;0
randomProcessModel8_annotated1.bpmn;/home/necmic/Onedrive/Desktop/EvaluationSetup/Test1_1-BoundaryTest1_Static/BoundaryTest_decision-1/annotated/randomProcessModel8_annotated1.bpmn;null;null;null;null;null;10;1;1;1;6;1;1;1;2.0;2.0;2.0;2.0;1.31594E-4;1.53773E-4;2.85367E-4;2.22493E-4;1.07749E-4;3.30242E-4;2.04553E-4;5.5227E-5;2.5978E-4;2.38548E-4;6.2084E-5;3.00632E-4;2.0;3.0;1;1.0;2.0;3.0;1;0;10;14;3;3.0;6;1.0;2;0;0
randomProcessModel14_annotated1.bpmn;/home/necmic/Onedrive/Desktop/EvaluationSetup/Test1_1-BoundaryTest1_Static/BoundaryTest_decision-2/annotated/randomProcessModel14_annotated1.bpmn;null;null;null;null;null;100;1;1;1;36;1;1;1;4.0;4.0;4.0;4.0;4.4257E-4;0.002871356;0.003313926;2.32162E-4;2.54486E-4;4.86648E-4;2.56273E-4;6.6954E-5;3.23227E-4;4.54827E-4;6.9609E-5;5.24436E-4;2.0;4.0;2;1.0;1.0;2.0;2;0;14;20;6;3.0;6;1.0;4;0;0
randomProcessModel12_annotated1.bpmn;/home/necmic/Onedrive/Desktop/EvaluationSetup/Test1_1-BoundaryTest1_Static/BoundaryTest_decision-2/annotated/randomProcessModel12_annotated1.bpmn;null;null;null;null;null;100;1;1;1;9;1;1;1;2.0;2.0;2.0;2.0;8.26621E-4;0.001367569;0.00219419;1.91184E-4;4.2776E-5;2.3396E-4;1.98081E-4;4.3771E-5;2.41852E-4;3.10087E-4;1.01357E-4;4.11444E-4;2.0;4.0;2;1.0;1.0;2.0;2;0;14;20;6;3.0;6;1.0;4;0;0
randomProcessModel15_annotated1.bpmn;/home/necmic/Onedrive/Desktop/EvaluationSetup/Test1_1-BoundaryTest1_Static/BoundaryTest_decision-2/annotated/randomProcessModel15_annotated1.bpmn;null;null;null;null;null;100;1;1;1;9;1;1;1;2.0;2.0;2.0;2.0;4.37512E-4;0.00123287;0.001670382;1.12524E-4;9.4817E-5;2.07341E-4;2.73305E-4;5.7277E-5;3.30582E-4;2.76561E-4;1.29537E-4;4.06098E-4;2.0;4.0;2;1.0;1.0;2.0;2;0;14;20;6;3.0;6;1.0;4;0;0
randomProcessModel16_annotated1.bpmn;/home/necmic/Onedrive/Desktop/EvaluationSetup/Test1_1-BoundaryTest1_Static/BoundaryTest_decision-2/annotated/randomProcessModel16_annotated1.bpmn;null;null;null;null;null;100;1;1;1;18;1;1;1;3.0;3.0;3.0;3.0;2.26979E-4;0.004682355;0.004909334;1.18363E-4;5.1464E-5;1.69827E-4;2.52775E-4;5.0741E-5;3.03516E-4;3.39302E-4;6.9651E-5;4.08953E-4;2.0;4.0;2;1.0;1.0;2.0;2;0;14;20;6;3.0;6;1.0;4;0;0
randomProcessModel11_annotated1.bpmn;/home/necmic/Onedrive/Desktop/EvaluationSetup/Test1_1-BoundaryTest1_Static/BoundaryTest_decision-2/annotated/randomProcessModel11_annotated1.bpmn;null;null;null;null;null;100;1;1;1;9;1;1;1;2.0;2.0;2.0;2.0;2.13246E-4;5.89845E-4;8.03091E-4;1.84116E-4;5.4293E-5;2.38409E-4;1.70497E-4;3.5588E-5;2.06085E-4;3.08673E-4;4.7602E-5;3.56275E-4;2.0;4.0;2;1.0;1.0;2.0;2;0;14;20;6;3.0;6;1.0;4;0;0
randomProcessModel19_annotated1.bpmn;/home/necmic/Onedrive/Desktop/EvaluationSetup/Test1_1-BoundaryTest1_Static/BoundaryTest_decision-2/annotated/randomProcessModel19_annotated1.bpmn;null;null;null;null;null;100;1;1;1;36;1;1;1;4.0;4.0;4.0;4.0;2.4379E-4;7.7697E-4;0.00102076;1.88996E-4;4.7467E-5;2.36463E-4;2.16871E-4;4.8016E-5;2.64887E-4;2.66566E-4;4.9584E-5;3.1615E-4;2.0;4.0;2;1.0;1.0;2.0;2;0;14;20;6;3.0;6;1.0;4;0;0
randomProcessModel13_annotated1.bpmn;/home/necmic/Onedrive/Desktop/EvaluationSetup/Test1_1-BoundaryTest1_Static/BoundaryTest_decision-2/annotated/randomProcessModel13_annotated1.bpmn;null;null;null;null;null;100;1;1;1;6;1;1;1;2.0;2.0;2.0;2.0;2.09001E-4;7.04618E-4;9.13619E-4;1.56359E-4;7.8544E-5;2.34903E-4;2.30944E-4;6.9536E-5;3.0048E-4;3.46985E-4;7.8054E-5;4.25039E-4;2.0;4.0;2;1.0;1.0;2.0;2;0;14;20;6;3.0;6;1.0;4;0;0
randomProcessModel20_annotated1.bpmn;/home/necmic/Onedrive/Desktop/EvaluationSetup/Test1_1-BoundaryTest1_Static/BoundaryTest_decision-2/annotated/randomProcessModel20_annotated1.bpmn;null;null;null;null;null;100;1;1;1;60;1;1;1;5.0;5.0;5.0;5.0;2.29294E-4;6.75601E-4;9.04895E-4;2.04038E-4;4.4447E-5;2.48485E-4;3.00252E-4;5.0378E-5;3.5063E-4;2.74191E-4;7.4845E-5;3.49036E-4;2.0;4.0;2;1.0;1.0;2.0;2;0;14;20;6;3.0;6;1.0;4;0;0
randomProcessModel17_annotated1.bpmn;/home/necmic/Onedrive/Desktop/EvaluationSetup/Test1_1-BoundaryTest1_Static/BoundaryTest_decision-2/annotated/randomProcessModel17_annotated1.bpmn;null;null;null;null;null;100;1;1;1;18;1;1;1;3.0;3.0;3.0;3.0;2.82737E-4;8.2316E-4;0.001105897;1.98237E-4;6.6152E-5;2.64389E-4;2.13071E-4;4.5541E-5;2.58612E-4;3.42633E-4;7.0127E-5;4.1276E-4;2.0;4.0;2;1.0;1.0;2.0;2;0;14;20;6;3.0;6;1.0;4;0;0
randomProcessModel18_annotated1.bpmn;/home/necmic/Onedrive/Desktop/EvaluationSetup/Test1_1-BoundaryTest1_Static/BoundaryTest_decision-2/annotated/randomProcessModel18_annotated1.bpmn;null;null;null;null;null;100;1;1;1;9;1;1;1;2.0;2.0;2.0;2.0;2.56464E-4;7.37619E-4;9.94083E-4;2.48433E-4;5.2994E-5;3.01427E-4;2.72791E-4;8.3472E-5;3.56263E-4;3.12884E-4;6.5291E-5;3.78175E-4;2.0;4.0;2;1.0;1.0;2.0;2;0;14;20;6;3.0;6;1.0;4;0;0
randomProcessModel30_annotated1.bpmn;/home/necmic/Onedrive/Desktop/EvaluationSetup/Test1_1-BoundaryTest1_Static/BoundaryTest_decision-3/annotated/randomProcessModel30_annotated1.bpmn;null;null;null;null;null;1000;1;1;1;54;1;1;1;4.0;4.0;4.0;4.0;0.001413747;0.016673584;0.018087331;3.95006E-4;7.3853E-5;4.68859E-4;2.67849E-4;5.3005E-5;3.20854E-4;4.89586E-4;5.2858E-5;5.42444E-4;5.0;5.0;3;1.0;1.6666666666666667;1.6666666666666667;3;0;18;26;9;3.0;6;1.0;8;0;0
randomProcessModel27_annotated1.bpmn;/home/necmic/Onedrive/Desktop/EvaluationSetup/Test1_1-BoundaryTest1_Static/BoundaryTest_decision-3/annotated/randomProcessModel27_annotated1.bpmn;null;null;null;null;null;1000;1;1;1;18;1;1;1;3.0;3.0;3.0;3.0;0.00108594;0.014488239;0.015574179;2.87978E-4;7.1822E-5;3.598E-4;2.91842E-4;7.5923E-5;3.67765E-4;3.83671E-4;4.8874E-5;4.32545E-4;5.0;5.0;3;1.0;1.6666666666666667;1.6666666666666667;3;0;18;26;9;3.0;6;1.0;8;0;0
randomProcessModel26_annotated1.bpmn;/home/necmic/Onedrive/Desktop/EvaluationSetup/Test1_1-BoundaryTest1_Static/BoundaryTest_decision-3/annotated/randomProcessModel26_annotated1.bpmn;null;null;null;null;null;1000;1;1;1;36;1;1;1;4.0;4.0;4.0;4.0;0.001083664;0.012017907;0.013101571;1.81225E-4;5.5856E-5;2.37081E-4;2.82324E-4;1.22124E-4;4.04448E-4;5.98757E-4;1.38525E-4;7.37282E-4;5.0;5.0;3;1.0;1.6666666666666667;1.6666666666666667;3;0;18;26;9;3.0;6;1.0;8;0;0
randomProcessModel21_annotated1.bpmn;/home/necmic/Onedrive/Desktop/EvaluationSetup/Test1_1-BoundaryTest1_Static/BoundaryTest_decision-3/annotated/randomProcessModel21_annotated1.bpmn;null;null;null;null;null;1000;1;1;1;54;1;1;1;4.0;4.0;4.0;4.0;5.49042E-4;0.005942153;0.006491195;1.74343E-4;1.35875E-4;3.10218E-4;2.19417E-4;4.3238E-5;2.62655E-4;4.09898E-4;6.5103E-5;4.75001E-4;5.0;5.0;3;1.0;1.6666666666666667;1.6666666666666667;3;0;18;26;9;3.0;6;1.0;8;0;0
randomProcessModel23_annotated1.bpmn;/home/necmic/Onedrive/Desktop/EvaluationSetup/Test1_1-BoundaryTest1_Static/BoundaryTest_decision-3/annotated/randomProcessModel23_annotated1.bpmn;null;null;null;null;null;1000;1;1;1;18;1;1;1;3.0;3.0;3.0;3.0;0.001067527;0.008604213;0.00967174;2.19498E-4;5.3286E-5;2.72784E-4;3.4556E-4;1.4965E-4;4.9521E-4;4.23411E-4;6.974E-5;4.93151E-4;5.0;5.0;3;1.0;1.6666666666666667;1.6666666666666667;3;0;18;26;9;3.0;6;1.0;8;0;0
randomProcessModel29_annotated1.bpmn;/home/necmic/Onedrive/Desktop/EvaluationSetup/Test1_1-BoundaryTest1_Static/BoundaryTest_decision-3/annotated/randomProcessModel29_annotated1.bpmn;null;null;null;null;null;1000;1;1;1;36;1;1;1;4.0;4.0;4.0;4.0;0.001108157;0.006236343;0.0073445;1.27086E-4;6.5451E-5;1.92537E-4;2.39812E-4;7.7578E-5;3.1739E-4;5.09257E-4;6.2838E-5;5.72095E-4;5.0;5.0;3;1.0;1.6666666666666667;1.6666666666666667;3;0;18;26;9;3.0;6;1.0;8;0;0
randomProcessModel24_annotated1.bpmn;/home/necmic/Onedrive/Desktop/EvaluationSetup/Test1_1-BoundaryTest1_Static/BoundaryTest_decision-3/annotated/randomProcessModel24_annotated1.bpmn;null;null;null;null;null;1000;1;1;1;18;1;1;1;3.0;3.0;3.0;3.0;8.81604E-4;0.00811744;0.008999044;1.9892E-4;5.4497E-5;2.53417E-4;2.10839E-4;4.9043E-5;2.59882E-4;3.65752E-4;4.4724E-5;4.10476E-4;5.0;5.0;3;1.0;1.6666666666666667;1.6666666666666667;3;0;18;26;9;3.0;6;1.0;8;0;0
randomProcessModel25_annotated1.bpmn;/home/necmic/Onedrive/Desktop/EvaluationSetup/Test1_1-BoundaryTest1_Static/BoundaryTest_decision-3/annotated/randomProcessModel25_annotated1.bpmn;null;null;null;null;null;1000;1;1;1;54;1;1;1;4.0;4.0;4.0;4.0;8.39462E-4;0.017910457;0.018749919;1.62523E-4;6.8354E-5;2.30877E-4;4.08959E-4;4.587E-5;4.54829E-4;4.39814E-4;4.6472E-5;4.86286E-4;5.0;5.0;3;1.0;1.6666666666666667;1.6666666666666667;3;0;18;26;9;3.0;6;1.0;8;0;0
randomProcessModel28_annotated1.bpmn;/home/necmic/Onedrive/Desktop/EvaluationSetup/Test1_1-BoundaryTest1_Static/BoundaryTest_decision-3/annotated/randomProcessModel28_annotated1.bpmn;null;null;null;null;null;1000;1;1;1;180;1;1;1;6.0;6.0;6.0;6.0;5.14186E-4;0.003837007;0.004351193;1.71287E-4;5.7725E-5;2.29012E-4;2.67878E-4;5.0871E-5;3.18749E-4;2.83632E-4;3.2359E-5;3.15991E-4;5.0;5.0;3;1.0;1.6666666666666667;1.6666666666666667;3;0;18;26;9;3.0;6;1.0;8;0;0
randomProcessModel22_annotated1.bpmn;/home/necmic/Onedrive/Desktop/EvaluationSetup/Test1_1-BoundaryTest1_Static/BoundaryTest_decision-3/annotated/randomProcessModel22_annotated1.bpmn;null;null;null;null;null;1000;1;1;1;27;1;1;1;3.0;3.0;3.0;3.0;5.06829E-4;0.003139964;0.003646793;1.95964E-4;4.6158E-5;2.42122E-4;2.25766E-4;1.11171E-4;3.36937E-4;3.52954E-4;4.7143E-5;4.00097E-4;5.0;5.0;3;1.0;1.6666666666666667;1.6666666666666667;3;0;18;26;9;3.0;6;1.0;8;0;0
randomProcessModel32_annotated1.bpmn;/home/necmic/Onedrive/Desktop/EvaluationSetup/Test1_1-BoundaryTest1_Static/BoundaryTest_decision-4/annotated/randomProcessModel32_annotated1.bpmn;null;null;null;null;null;10000;1;1;1;324;1;1;1;6.0;6.0;6.0;6.0;0.007812665;0.084367453;0.092180118;1.1674E-4;4.7694E-5;1.64434E-4;1.77587E-4;2.949E-5;2.07077E-4;5.79658E-4;1.48201E-4;7.27859E-4;7.0;7.0;4;1.0;1.75;1.75;4;0;22;32;12;3.0;6;1.0;16;0;0
randomProcessModel39_annotated1.bpmn;/home/necmic/Onedrive/Desktop/EvaluationSetup/Test1_1-BoundaryTest1_Static/BoundaryTest_decision-4/annotated/randomProcessModel39_annotated1.bpmn;null;null;null;null;null;10000;1;1;1;36;1;1;1;4.0;4.0;4.0;4.0;0.00615408;0.058307605;0.064461685;1.64783E-4;7.3515E-5;2.38298E-4;2.44255E-4;5.1646E-5;2.95901E-4;6.38286E-4;8.8778E-5;7.27064E-4;7.0;7.0;4;1.0;1.75;1.75;4;0;22;32;12;3.0;6;1.0;16;0;0
randomProcessModel36_annotated1.bpmn;/home/necmic/Onedrive/Desktop/EvaluationSetup/Test1_1-BoundaryTest1_Static/BoundaryTest_decision-4/annotated/randomProcessModel36_annotated1.bpmn;null;null;null;null;null;10000;1;1;1;162;1;1;1;5.0;5.0;5.0;5.0;0.005114296;0.041794862;0.046909158;2.06309E-4;6.2352E-5;2.68661E-4;2.10089E-4;2.5532E-5;2.35621E-4;4.81973E-4;1.48912E-4;6.30885E-4;7.0;7.0;4;1.0;1.75;1.75;4;0;22;32;12;3.0;6;1.0;16;0;0
randomProcessModel40_annotated1.bpmn;/home/necmic/Onedrive/Desktop/EvaluationSetup/Test1_1-BoundaryTest1_Static/BoundaryTest_decision-4/annotated/randomProcessModel40_annotated1.bpmn;null;null;null;null;null;10000;1;1;1;108;1;1;1;5.0;5.0;5.0;5.0;0.003753189;0.043902917;0.047656106;1.891E-4;4.5762E-5;2.34862E-4;2.39065E-4;2.6518E-5;2.65583E-4;4.63243E-4;3.8424E-5;5.01667E-4;7.0;7.0;4;1.0;1.75;1.75;4;0;22;32;12;3.0;6;1.0;16;0;0
randomProcessModel35_annotated1.bpmn;/home/necmic/Onedrive/Desktop/EvaluationSetup/Test1_1-BoundaryTest1_Static/BoundaryTest_decision-4/annotated/randomProcessModel35_annotated1.bpmn;null;null;null;null;null;10000;1;1;1;1080;1;1;1;8.0;8.0;8.0;8.0;0.0059148;0.041937607;0.047852407;1.96236E-4;4.2265E-5;2.38501E-4;5.56548E-4;4.7522E-5;6.0407E-4;6.87683E-4;3.4796E-5;7.22479E-4;7.0;7.0;4;1.0;1.75;1.75;4;0;22;32;12;3.0;6;1.0;16;0;0
randomProcessModel37_annotated1.bpmn;/home/necmic/Onedrive/Desktop/EvaluationSetup/Test1_1-BoundaryTest1_Static/BoundaryTest_decision-4/annotated/randomProcessModel37_annotated1.bpmn;null;null;null;null;null;10000;1;1;1;162;1;1;1;5.0;5.0;5.0;5.0;0.004229202;0.043647275;0.047876477;1.37352E-4;4.5084E-5;1.82436E-4;2.69566E-4;3.1032E-5;3.00598E-4;3.77347E-4;3.9908E-5;4.17255E-4;7.0;7.0;4;1.0;1.75;1.75;4;0;22;32;12;3.0;6;1.0;16;0;0
randomProcessModel33_annotated1.bpmn;/home/necmic/Onedrive/Desktop/EvaluationSetup/Test1_1-BoundaryTest1_Static/BoundaryTest_decision-4/annotated/randomProcessModel33_annotated1.bpmn;null;null;null;null;null;10000;1;1;1;54;1;1;1;4.0;4.0;4.0;4.0;0.003940461;0.048615139;0.0525556;1.85339E-4;7.552E-5;2.60859E-4;1.70716E-4;2.2984E-5;1.937E-4;5.64089E-4;5.7697E-5;6.21786E-4;7.0;7.0;4;1.0;1.75;1.75;4;0;22;32;12;3.0;6;1.0;16;0;0
randomProcessModel38_annotated1.bpmn;/home/necmic/Onedrive/Desktop/EvaluationSetup/Test1_1-BoundaryTest1_Static/BoundaryTest_decision-4/annotated/randomProcessModel38_annotated1.bpmn;null;null;null;null;null;10000;1;1;1;108;1;1;1;5.0;5.0;5.0;5.0;0.002420781;0.047713255;0.050134036;3.86506E-4;8.5371E-5;4.71877E-4;1.60373E-4;2.2444E-5;1.82817E-4;3.69718E-4;5.1768E-5;4.21486E-4;7.0;7.0;4;1.0;1.75;1.75;4;0;22;32;12;3.0;6;1.0;16;0;0
randomProcessModel31_annotated1.bpmn;/home/necmic/Onedrive/Desktop/EvaluationSetup/Test1_1-BoundaryTest1_Static/BoundaryTest_decision-4/annotated/randomProcessModel31_annotated1.bpmn;null;null;null;null;null;10000;1;1;1;36;1;1;1;4.0;4.0;4.0;4.0;0.003308499;0.040860408;0.044168907;1.14753E-4;3.2971E-5;1.47724E-4;1.82506E-4;3.7554E-5;2.2006E-4;3.34568E-4;9.3935E-5;4.28503E-4;7.0;7.0;4;1.0;1.75;1.75;4;0;22;32;12;3.0;6;1.0;16;0;0
randomProcessModel34_annotated1.bpmn;/home/necmic/Onedrive/Desktop/EvaluationSetup/Test1_1-BoundaryTest1_Static/BoundaryTest_decision-4/annotated/randomProcessModel34_annotated1.bpmn;null;null;null;null;null;10000;1;1;1;18;1;1;1;3.0;3.0;3.0;3.0;0.002929585;0.043620492;0.046550077;1.09808E-4;2.3304E-5;1.33112E-4;4.7097E-4;7.2374E-5;5.43344E-4;7.13914E-4;7.9974E-5;7.93888E-4;7.0;7.0;4;1.0;1.75;1.75;4;0;22;32;12;3.0;6;1.0;16;0;0
randomProcessModel41_annotated1.bpmn;/home/necmic/Onedrive/Desktop/EvaluationSetup/Test1_1-BoundaryTest1_Static/BoundaryTest_decision-5/annotated/randomProcessModel41_annotated1.bpmn;null;null;null;null;null;100000;1;1;1;1296;1;1;1;6.0;6.0;6.0;6.0;0.027184074;1.225822885;1.253006959;3.4638E-4;1.11033E-4;4.57413E-4;3.16078E-4;3.7867E-5;3.53945E-4;4.88522E-4;3.5625E-5;5.24147E-4;8.0;8.0;5;1.0;1.6;1.6;5;0;26;38;15;3.0;6;1.0;32;0;0
randomProcessModel47_annotated1.bpmn;/home/necmic/Onedrive/Desktop/EvaluationSetup/Test1_1-BoundaryTest1_Static/BoundaryTest_decision-5/annotated/randomProcessModel47_annotated1.bpmn;null;null;null;null;null;100000;1;1;1;5184;1;1;1;8.0;8.0;8.0;8.0;0.02083592;0.809943528;0.830779448;2.01199E-4;4.3652E-5;2.44851E-4;3.04168E-4;3.68E-5;3.40968E-4;3.76607E-4;2.8369E-5;4.04976E-4;8.0;8.0;5;1.0;1.6;1.6;5;0;26;38;15;3.0;6;1.0;32;0;0
randomProcessModel48_annotated1.bpmn;/home/necmic/Onedrive/Desktop/EvaluationSetup/Test1_1-BoundaryTest1_Static/BoundaryTest_decision-5/annotated/randomProcessModel48_annotated1.bpmn;null;null;null;null;null;100000;1;1;1;8640;1;1;1;9.0;9.0;9.0;9.0;0.018621927;0.879039049;0.897660976;2.16879E-4;4.3831E-5;2.6071E-4;3.28198E-4;3.4394E-5;3.62592E-4;3.47063E-4;3.0847E-5;3.7791E-4;8.0;8.0;5;1.0;1.6;1.6;5;0;26;38;15;3.0;6;1.0;32;0;0
randomProcessModel46_annotated1.bpmn;/home/necmic/Onedrive/Desktop/EvaluationSetup/Test1_1-BoundaryTest1_Static/BoundaryTest_decision-5/annotated/randomProcessModel46_annotated1.bpmn;null;null;null;null;null;100000;1;1;1;108;1;1;1;5.0;5.0;5.0;5.0;0.021548874;0.820597009;0.842145883;2.145E-4;2.8958E-5;2.43458E-4;2.93233E-4;4.1007E-5;3.3424E-4;5.50821E-4;7.5428E-5;6.26249E-4;8.0;8.0;5;1.0;1.6;1.6;5;0;26;38;15;3.0;6;1.0;32;0;0
randomProcessModel45_annotated1.bpmn;/home/necmic/Onedrive/Desktop/EvaluationSetup/Test1_1-BoundaryTest1_Static/BoundaryTest_decision-5/annotated/randomProcessModel45_annotated1.bpmn;null;null;null;null;null;100000;1;1;1;1944;1;1;1;8.0;8.0;8.0;8.0;0.027297166;0.849889824;0.87718699;1.77579E-4;3.5507E-5;2.13086E-4;2.81461E-4;5.1163E-5;3.32624E-4;5.04742E-4;3.8391E-5;5.43133E-4;8.0;8.0;5;1.0;1.6;1.6;5;0;26;38;15;3.0;6;1.0;32;0;0
randomProcessModel49_annotated1.bpmn;/home/necmic/Onedrive/Desktop/EvaluationSetup/Test1_1-BoundaryTest1_Static/BoundaryTest_decision-5/annotated/randomProcessModel49_annotated1.bpmn;null;null;null;null;null;100000;1;1;1;300;1;1;1;7.0;7.0;7.0;7.0;0.015850276;0.812078503;0.827928779;1.52024E-4;2.9803E-5;1.81827E-4;3.29505E-4;3.9999E-5;3.69504E-4;2.40111E-4;3.1692E-5;2.71803E-4;8.0;8.0;5;1.0;1.6;1.6;5;0;26;38;15;3.0;6;1.0;32;0;0
randomProcessModel50_annotated1.bpmn;/home/necmic/Onedrive/Desktop/EvaluationSetup/Test1_1-BoundaryTest1_Static/BoundaryTest_decision-5/annotated/randomProcessModel50_annotated1.bpmn;null;null;null;null;null;100000;1;1;1;972;1;1;1;7.0;7.0;7.0;7.0;0.01606688;0.902373914;0.918440794;3.45501E-4;4.0049E-5;3.8555E-4;1.47964E-4;4.4814E-5;1.92778E-4;2.34978E-4;4.2108E-5;2.77086E-4;8.0;8.0;5;1.0;1.6;1.6;5;0;26;38;15;3.0;6;1.0;32;0;0
randomProcessModel42_annotated1.bpmn;/home/necmic/Onedrive/Desktop/EvaluationSetup/Test1_1-BoundaryTest1_Static/BoundaryTest_decision-5/annotated/randomProcessModel42_annotated1.bpmn;null;null;null;null;null;100000;1;1;1;5184;1;1;1;8.0;8.0;8.0;8.0;0.018456851;0.842336179;0.86079303;1.11883E-4;3.3141E-5;1.45024E-4;1.84935E-4;2.6624E-5;2.11559E-4;4.22694E-4;5.4584E-5;4.77278E-4;8.0;8.0;5;1.0;1.6;1.6;5;0;26;38;15;3.0;6;1.0;32;0;0
randomProcessModel43_annotated1.bpmn;/home/necmic/Onedrive/Desktop/EvaluationSetup/Test1_1-BoundaryTest1_Static/BoundaryTest_decision-5/annotated/randomProcessModel43_annotated1.bpmn;null;null;null;null;null;100000;1;1;1;324;1;1;1;6.0;6.0;6.0;6.0;0.015730371;0.816179858;0.831910229;2.10511E-4;4.6074E-5;2.56585E-4;1.75811E-4;5.2652E-5;2.28463E-4;2.51122E-4;2.9731E-5;2.80853E-4;8.0;8.0;5;1.0;1.6;1.6;5;0;26;38;15;3.0;6;1.0;32;0;0
randomProcessModel44_annotated1.bpmn;/home/necmic/Onedrive/Desktop/EvaluationSetup/Test1_1-BoundaryTest1_Static/BoundaryTest_decision-5/annotated/randomProcessModel44_annotated1.bpmn;null;null;null;null;null;100000;1;1;1;1944;1;1;1;8.0;8.0;8.0;8.0;0.016290214;0.809595181;0.825885395;1.9337E-4;5.1313E-5;2.44683E-4;3.75726E-4;6.8418E-5;4.44144E-4;2.19674E-4;2.8627E-5;2.48301E-4;8.0;8.0;5;1.0;1.6;1.6;5;0;26;38;15;3.0;6;1.0;32;0;0
randomProcessModel57_annotated1.bpmn;/home/necmic/Onedrive/Desktop/EvaluationSetup/Test1_1-BoundaryTest1_Static/BoundaryTest_decision-6/annotated/randomProcessModel57_annotated1.bpmn;null;null;null;null;null;1000000;1;1;1;19440;1;1;1;11.0;11.0;11.0;11.0;0.773012319;12.1752984;12.948310719;1.90134E-4;4.4657E-5;2.34791E-4;6.44687E-4;7.3947E-5;7.18634E-4;5.26023E-4;4.103E-5;5.67053E-4;9.0;9.0;6;1.0;1.5;1.5;6;0;30;44;18;3.0;6;1.0;64;0;0
randomProcessModel58_annotated1.bpmn;/home/necmic/Onedrive/Desktop/EvaluationSetup/Test1_1-BoundaryTest1_Static/BoundaryTest_decision-6/annotated/randomProcessModel58_annotated1.bpmn;null;null;null;null;null;1000000;1;1;1;1620;1;1;1;8.0;8.0;8.0;8.0;0.7994865;11.63528523;12.43477173;1.29001E-4;3.1189E-5;1.6019E-4;2.41971E-4;4.4541E-5;2.86512E-4;2.91584E-4;3.0083E-5;3.21667E-4;9.0;9.0;6;1.0;1.5;1.5;6;0;30;44;18;3.0;6;1.0;64;0;0
randomProcessModel55_annotated1.bpmn;/home/necmic/Onedrive/Desktop/EvaluationSetup/Test1_1-BoundaryTest1_Static/BoundaryTest_decision-6/annotated/randomProcessModel55_annotated1.bpmn;null;null;null;null;null;1000000;1;1;1;3888;1;1;1;9.0;9.0;9.0;9.0;0.802689185;11.596226447;12.398915632;2.09116E-4;6.3023E-5;2.72139E-4;2.67345E-4;4.8473E-5;3.15818E-4;3.86046E-4;4.0215E-5;4.26261E-4;9.0;9.0;6;1.0;1.5;1.5;6;0;30;44;18;3.0;6;1.0;64;0;0
randomProcessModel52_annotated1.bpmn;/home/necmic/Onedrive/Desktop/EvaluationSetup/Test1_1-BoundaryTest1_Static/BoundaryTest_decision-6/annotated/randomProcessModel52_annotated1.bpmn;null;null;null;null;null;1000000;1;1;1;2160;1;1;1;9.0;9.0;9.0;9.0;0.828749755;11.468900338;12.297650093;1.11763E-4;3.8751E-5;1.50514E-4;1.40725E-4;3.2912E-5;1.73637E-4;2.31237E-4;5.4838E-5;2.86075E-4;9.0;9.0;6;1.0;1.5;1.5;6;0;30;44;18;3.0;6;1.0;64;0;0
randomProcessModel53_annotated1.bpmn;/home/necmic/Onedrive/Desktop/EvaluationSetup/Test1_1-BoundaryTest1_Static/BoundaryTest_decision-6/annotated/randomProcessModel53_annotated1.bpmn;null;null;null;null;null;1000000;1;1;1;3888;1;1;1;9.0;9.0;9.0;9.0;0.866398081;11.465872213;12.332270294;1.03583E-4;2.6423E-5;1.30006E-4;2.40386E-4;2.857E-5;2.68956E-4;5.11407E-4;6.2755E-5;5.74162E-4;9.0;9.0;6;1.0;1.5;1.5;6;0;30;44;18;3.0;6;1.0;64;0;0
randomProcessModel59_annotated1.bpmn;/home/necmic/Onedrive/Desktop/EvaluationSetup/Test1_1-BoundaryTest1_Static/BoundaryTest_decision-6/annotated/randomProcessModel59_annotated1.bpmn;null;null;null;null;null;1000000;1;1;1;648;1;1;1;7.0;7.0;7.0;7.0;0.834936519;11.966375611;12.80131213;1.6483E-4;4.3329E-5;2.08159E-4;2.6547E-4;4.1907E-5;3.07377E-4;3.83862E-4;3.8119E-5;4.21981E-4;9.0;9.0;6;1.0;1.5;1.5;6;0;30;44;18;3.0;6;1.0;64;0;0
randomProcessModel54_annotated1.bpmn;/home/necmic/Onedrive/Desktop/EvaluationSetup/Test1_1-BoundaryTest1_Static/BoundaryTest_decision-6/annotated/randomProcessModel54_annotated1.bpmn;null;null;null;null;null;1000000;1;1;1;5832;1;1;1;9.0;9.0;9.0;9.0;0.827571102;11.466953465;12.294524567;1.83195E-4;2.7488E-5;2.10683E-4;1.33242E-4;3.0556E-5;1.63798E-4;2.74367E-4;2.5681E-5;3.00048E-4;9.0;9.0;6;1.0;1.5;1.5;6;0;30;44;18;3.0;6;1.0;64;0;0
randomProcessModel51_annotated1.bpmn;/home/necmic/Onedrive/Desktop/EvaluationSetup/Test1_1-BoundaryTest1_Static/BoundaryTest_decision-6/annotated/randomProcessModel51_annotated1.bpmn;null;null;null;null;null;1000000;1;1;1;6480;1;1;1;10.0;10.0;10.0;10.0;0.783004997;11.473329793;12.25633479;1.11851E-4;3.2688E-5;1.44539E-4;2.3416E-4;4.5978E-5;2.80138E-4;6.55398E-4;6.6441E-5;7.21839E-4;9.0;9.0;6;1.0;1.5;1.5;6;0;30;44;18;3.0;6;1.0;64;0;0
randomProcessModel60_annotated1.bpmn;/home/necmic/Onedrive/Desktop/EvaluationSetup/Test1_1-BoundaryTest1_Static/BoundaryTest_decision-6/annotated/randomProcessModel60_annotated1.bpmn;null;null;null;null;null;1000000;1;1;1;11664;1;1;1;10.0;10.0;10.0;10.0;0.881668588;11.331703246;12.213371834;2.07094E-4;3.8908E-5;2.46002E-4;3.09992E-4;5.8668E-5;3.6866E-4;4.50883E-4;3.8269E-5;4.89152E-4;9.0;9.0;6;1.0;1.5;1.5;6;0;30;44;18;3.0;6;1.0;64;0;0
randomProcessModel56_annotated1.bpmn;/home/necmic/Onedrive/Desktop/EvaluationSetup/Test1_1-BoundaryTest1_Static/BoundaryTest_decision-6/annotated/randomProcessModel56_annotated1.bpmn;null;null;null;null;null;1000000;1;1;1;3888;1;1;1;9.0;9.0;9.0;9.0;0.858552546;11.605460787;12.464013333;1.10556E-4;2.8328E-5;1.38884E-4;3.78189E-4;7.1435E-5;4.49624E-4;3.17512E-4;3.0282E-5;3.47794E-4;9.0;9.0;6;1.0;1.5;1.5;6;0;30;44;18;3.0;6;1.0;64;0;0
randomProcessModel70_annotated1.bpmn;/home/necmic/Onedrive/Desktop/EvaluationSetup/Test1_1-BoundaryTest1_Static/BoundaryTest_decision-7/annotated/randomProcessModel70_annotated1.bpmn;null;functionality.HeapSpaceException;null;null;null;;1;1;1;null;1;1;1;null;12.0;12.0;12.0;14.185269777;null;null;1.14442E-4;3.0335E-5;1.44777E-4;1.56872E-4;2.6198E-5;1.8307E-4;4.59687E-4;4.2958E-5;5.02645E-4;10.0;10.0;7;1.0;1.4285714285714286;1.4285714285714286;7;0;34;50;21;3.0;6;1.0;128;0;0
randomProcessModel68_annotated1.bpmn;/home/necmic/Onedrive/Desktop/EvaluationSetup/Test1_1-BoundaryTest1_Static/BoundaryTest_decision-7/annotated/randomProcessModel68_annotated1.bpmn;null;null;null;null;null;;1;1;1;null;1;1;1;null;11.0;11.0;11.0;null;null;null;1.37372E-4;2.9538E-5;1.6691E-4;2.31939E-4;2.867E-5;2.60609E-4;3.29614E-4;3.1258E-5;3.60872E-4;10.0;10.0;7;1.0;1.4285714285714286;1.4285714285714286;7;0;34;50;21;3.0;6;1.0;128;0;0
randomProcessModel67_annotated1.bpmn;/home/necmic/Onedrive/Desktop/EvaluationSetup/Test1_1-BoundaryTest1_Static/BoundaryTest_decision-7/annotated/randomProcessModel67_annotated1.bpmn;null;null;null;null;null;;1;1;1;null;1;1;1;null;13.0;13.0;13.0;null;null;null;3.96256E-4;7.6058E-5;4.72314E-4;3.25228E-4;4.2712E-5;3.6794E-4;3.72003E-4;3.5075E-5;4.07078E-4;10.0;10.0;7;1.0;1.4285714285714286;1.4285714285714286;7;0;34;50;21;3.0;6;1.0;128;0;0
randomProcessModel61_annotated1.bpmn;/home/necmic/Onedrive/Desktop/EvaluationSetup/Test1_1-BoundaryTest1_Static/BoundaryTest_decision-7/annotated/randomProcessModel61_annotated1.bpmn;null;null;null;null;null;;1;1;1;null;1;1;1;null;11.0;11.0;11.0;null;null;null;1.06874E-4;2.787E-5;1.34744E-4;2.16837E-4;3.9159E-5;2.55996E-4;4.10567E-4;4.5529E-5;4.56096E-4;10.0;10.0;7;1.0;1.4285714285714286;1.4285714285714286;7;0;34;50;21;3.0;6;1.0;128;0;0
randomProcessModel69_annotated1.bpmn;/home/necmic/Onedrive/Desktop/EvaluationSetup/Test1_1-BoundaryTest1_Static/BoundaryTest_decision-7/annotated/randomProcessModel69_annotated1.bpmn;null;null;null;null;null;;1;1;1;null;1;1;1;null;9.0;9.0;9.0;null;null;null;1.10184E-4;2.8675E-5;1.38859E-4;2.95038E-4;4.3773E-5;3.38811E-4;3.82548E-4;3.7057E-5;4.19605E-4;10.0;10.0;7;1.0;1.4285714285714286;1.4285714285714286;7;0;34;50;21;3.0;6;1.0;128;0;0
randomProcessModel63_annotated1.bpmn;/home/necmic/Onedrive/Desktop/EvaluationSetup/Test1_1-BoundaryTest1_Static/BoundaryTest_decision-7/annotated/randomProcessModel63_annotated1.bpmn;null;null;null;null;null;;1;1;1;null;1;1;1;null;13.0;13.0;13.0;null;null;null;2.63474E-4;6.6161E-5;3.29635E-4;2.18483E-4;2.8153E-5;2.46636E-4;3.90454E-4;4.0768E-5;4.31222E-4;10.0;10.0;7;1.0;1.4285714285714286;1.4285714285714286;7;0;34;50;21;3.0;6;1.0;128;0;0
randomProcessModel65_annotated1.bpmn;/home/necmic/Onedrive/Desktop/EvaluationSetup/Test1_1-BoundaryTest1_Static/BoundaryTest_decision-7/annotated/randomProcessModel65_annotated1.bpmn;null;null;null;null;null;;1;1;1;null;1;1;1;null;12.0;12.0;12.0;null;null;null;4.32373E-4;6.7661E-5;5.00034E-4;1.44274E-4;2.8081E-5;1.72355E-4;2.73266E-4;2.7925E-5;3.01191E-4;10.0;10.0;7;1.0;1.4285714285714286;1.4285714285714286;7;0;34;50;21;3.0;6;1.0;128;0;0
randomProcessModel62_annotated1.bpmn;/home/necmic/Onedrive/Desktop/EvaluationSetup/Test1_1-BoundaryTest1_Static/BoundaryTest_decision-7/annotated/randomProcessModel62_annotated1.bpmn;null;null;null;null;null;;1;1;1;null;1;1;1;null;12.0;12.0;12.0;null;null;null;1.45161E-4;2.9737E-5;1.74898E-4;9.38564E-4;7.9631E-5;0.001018195;3.21407E-4;3.6477E-5;3.57884E-4;10.0;10.0;7;1.0;1.4285714285714286;1.4285714285714286;7;0;34;50;21;3.0;6;1.0;128;0;0
randomProcessModel66_annotated1.bpmn;/home/necmic/Onedrive/Desktop/EvaluationSetup/Test1_1-BoundaryTest1_Static/BoundaryTest_decision-7/annotated/randomProcessModel66_annotated1.bpmn;null;null;null;null;null;;1;1;1;null;1;1;1;null;8.0;8.0;8.0;null;null;null;1.79273E-4;4.1737E-5;2.2101E-4;2.65686E-4;5.7565E-5;3.23251E-4;6.20556E-4;7.9777E-5;7.00333E-4;10.0;10.0;7;1.0;1.4285714285714286;1.4285714285714286;7;0;34;50;21;3.0;6;1.0;128;0;0
randomProcessModel64_annotated1.bpmn;/home/necmic/Onedrive/Desktop/EvaluationSetup/Test1_1-BoundaryTest1_Static/BoundaryTest_decision-7/annotated/randomProcessModel64_annotated1.bpmn;null;null;null;null;null;;1;1;1;null;1;1;1;null;10.0;10.0;10.0;null;null;null;1.34053E-4;3.1635E-5;1.65688E-4;5.33625E-4;7.8954E-5;6.12579E-4;4.4672E-4;3.9556E-5;4.86276E-4;10.0;10.0;7;1.0;1.4285714285714286;1.4285714285714286;7;0;34;50;21;3.0;6;1.0;128;0;0
randomProcessModel77_annotated1.bpmn;/home/necmic/Onedrive/Desktop/EvaluationSetup/Test1_1-BoundaryTest1_Static/BoundaryTest_decision-8/annotated/randomProcessModel77_annotated1.bpmn;null;null;null;null;null;;1;1;1;null;1;1;1;null;13.0;13.0;13.0;null;null;null;1.51586E-4;3.3905E-5;1.85491E-4;1.59753E-4;2.9778E-5;1.89531E-4;4.64374E-4;4.3704E-5;5.08078E-4;11.0;11.0;8;1.0;1.375;1.375;8;0;38;56;24;3.0;6;1.0;256;0;0
randomProcessModel79_annotated1.bpmn;/home/necmic/Onedrive/Desktop/EvaluationSetup/Test1_1-BoundaryTest1_Static/BoundaryTest_decision-8/annotated/randomProcessModel79_annotated1.bpmn;null;null;null;null;null;;1;1;1;null;1;1;1;null;13.0;13.0;13.0;null;null;null;2.13412E-4;4.198E-5;2.55392E-4;5.84216E-4;8.9111E-5;6.73327E-4;2.73854E-4;2.9629E-5;3.03483E-4;11.0;11.0;8;1.0;1.375;1.375;8;0;38;56;24;3.0;6;1.0;256;0;0
randomProcessModel78_annotated1.bpmn;/home/necmic/Onedrive/Desktop/EvaluationSetup/Test1_1-BoundaryTest1_Static/BoundaryTest_decision-8/annotated/randomProcessModel78_annotated1.bpmn;null;null;null;null;null;;1;1;1;null;1;1;1;null;13.0;13.0;13.0;null;null;null;1.11794E-4;2.9596E-5;1.4139E-4;1.97355E-4;3.1626E-5;2.28981E-4;2.58971E-4;2.8045E-5;2.87016E-4;11.0;11.0;8;1.0;1.375;1.375;8;0;38;56;24;3.0;6;1.0;256;0;0
randomProcessModel72_annotated1.bpmn;/home/necmic/Onedrive/Desktop/EvaluationSetup/Test1_1-BoundaryTest1_Static/BoundaryTest_decision-8/annotated/randomProcessModel72_annotated1.bpmn;null;null;null;null;null;;1;1;1;null;1;1;1;null;13.0;13.0;13.0;null;null;null;1.59023E-4;3.5239E-5;1.94262E-4;1.8918E-4;2.7996E-5;2.17176E-4;3.25701E-4;2.8098E-5;3.53799E-4;11.0;11.0;8;1.0;1.375;1.375;8;0;38;56;24;3.0;6;1.0;256;0;0
randomProcessModel75_annotated1.bpmn;/home/necmic/Onedrive/Desktop/EvaluationSetup/Test1_1-BoundaryTest1_Static/BoundaryTest_decision-8/annotated/randomProcessModel75_annotated1.bpmn;null;null;null;null;null;;1;1;1;null;1;1;1;null;13.0;13.0;13.0;null;null;null;1.05433E-4;2.8371E-5;1.33804E-4;1.71511E-4;4.0744E-5;2.12255E-4;3.32692E-4;3.0556E-5;3.63248E-4;11.0;11.0;8;1.0;1.375;1.375;8;0;38;56;24;3.0;6;1.0;256;0;0
randomProcessModel71_annotated1.bpmn;/home/necmic/Onedrive/Desktop/EvaluationSetup/Test1_1-BoundaryTest1_Static/BoundaryTest_decision-8/annotated/randomProcessModel71_annotated1.bpmn;null;null;null;null;null;;1;1;1;null;1;1;1;null;12.0;12.0;12.0;null;null;null;1.5725E-4;3.7907E-5;1.95157E-4;1.45415E-4;2.9365E-5;1.7478E-4;2.82929E-4;2.768E-5;3.10609E-4;11.0;11.0;8;1.0;1.375;1.375;8;0;38;56;24;3.0;6;1.0;256;0;0
randomProcessModel73_annotated1.bpmn;/home/necmic/Onedrive/Desktop/EvaluationSetup/Test1_1-BoundaryTest1_Static/BoundaryTest_decision-8/annotated/randomProcessModel73_annotated1.bpmn;null;null;null;null;null;;1;1;1;null;1;1;1;null;16.0;16.0;16.0;null;null;null;2.45416E-4;5.4043E-5;2.99459E-4;1.60628E-4;2.9382E-5;1.9001E-4;2.96378E-4;3.2805E-5;3.29183E-4;11.0;11.0;8;1.0;1.375;1.375;8;0;38;56;24;3.0;6;1.0;256;0;0
randomProcessModel76_annotated1.bpmn;/home/necmic/Onedrive/Desktop/EvaluationSetup/Test1_1-BoundaryTest1_Static/BoundaryTest_decision-8/annotated/randomProcessModel76_annotated1.bpmn;null;null;null;null;null;;1;1;1;null;1;1;1;null;14.0;14.0;14.0;null;null;null;1.82667E-4;3.6011E-5;2.18678E-4;1.66533E-4;3.112E-5;1.97653E-4;2.6395E-4;3.0961E-5;2.94911E-4;11.0;11.0;8;1.0;1.375;1.375;8;0;38;56;24;3.0;6;1.0;256;0;0
randomProcessModel74_annotated1.bpmn;/home/necmic/Onedrive/Desktop/EvaluationSetup/Test1_1-BoundaryTest1_Static/BoundaryTest_decision-8/annotated/randomProcessModel74_annotated1.bpmn;null;null;null;null;null;;1;1;1;null;1;1;1;null;13.0;13.0;13.0;null;null;null;1.08047E-4;2.8201E-5;1.36248E-4;1.53723E-4;2.8536E-5;1.82259E-4;3.46224E-4;3.1779E-5;3.78003E-4;11.0;11.0;8;1.0;1.375;1.375;8;0;38;56;24;3.0;6;1.0;256;0;0
randomProcessModel80_annotated1.bpmn;/home/necmic/Onedrive/Desktop/EvaluationSetup/Test1_1-BoundaryTest1_Static/BoundaryTest_decision-8/annotated/randomProcessModel80_annotated1.bpmn;null;null;null;null;null;;1;1;1;null;1;1;1;null;15.0;15.0;15.0;null;null;null;1.20295E-4;2.8963E-5;1.49258E-4;1.75851E-4;2.9163E-5;2.05014E-4;6.81587E-4;3.1582E-5;7.13169E-4;11.0;11.0;8;1.0;1.375;1.375;8;0;38;56;24;3.0;6;1.0;256;0;0
randomProcessModel82_annotated1.bpmn;/home/necmic/Onedrive/Desktop/EvaluationSetup/Test1_1-BoundaryTest1_Static/BoundaryTest_decision-9/annotated/randomProcessModel82_annotated1.bpmn;null;null;null;null;null;;1;1;1;null;1;1;1;null;15.0;15.0;15.0;null;null;null;3.14515E-4;7.5881E-5;3.90396E-4;1.95683E-4;3.3035E-5;2.28718E-4;3.70077E-4;3.7499E-5;4.07576E-4;13.0;13.0;9;1.0;1.4444444444444444;1.4444444444444444;9;0;42;62;27;3.0;6;1.0;512;0;0
randomProcessModel88_annotated1.bpmn;/home/necmic/Onedrive/Desktop/EvaluationSetup/Test1_1-BoundaryTest1_Static/BoundaryTest_decision-9/annotated/randomProcessModel88_annotated1.bpmn;null;null;null;null;null;;1;1;1;null;1;1;1;null;16.0;16.0;16.0;null;null;null;3.32528E-4;7.4345E-5;4.06873E-4;1.81567E-4;3.0247E-5;2.11814E-4;3.0731E-4;3.5354E-5;3.42664E-4;13.0;13.0;9;1.0;1.4444444444444444;1.4444444444444444;9;0;42;62;27;3.0;6;1.0;512;0;0
randomProcessModel81_annotated1.bpmn;/home/necmic/Onedrive/Desktop/EvaluationSetup/Test1_1-BoundaryTest1_Static/BoundaryTest_decision-9/annotated/randomProcessModel81_annotated1.bpmn;null;null;null;null;null;;1;1;1;null;1;1;1;null;16.0;16.0;16.0;null;null;null;1.26615E-4;4.7282E-5;1.73897E-4;1.83133E-4;3.0218E-5;2.13351E-4;7.70485E-4;6.6801E-5;8.37286E-4;13.0;13.0;9;1.0;1.4444444444444444;1.4444444444444444;9;0;42;62;27;3.0;6;1.0;512;0;0
randomProcessModel87_annotated1.bpmn;/home/necmic/Onedrive/Desktop/EvaluationSetup/Test1_1-BoundaryTest1_Static/BoundaryTest_decision-9/annotated/randomProcessModel87_annotated1.bpmn;null;null;null;null;null;;1;1;1;null;1;1;1;null;18.0;18.0;18.0;null;null;null;1.16741E-4;3.1815E-5;1.48556E-4;1.86598E-4;3.022E-5;2.16818E-4;0.001015965;1.00938E-4;0.001116903;13.0;13.0;9;1.0;1.4444444444444444;1.4444444444444444;9;0;42;62;27;3.0;6;1.0;512;0;0
randomProcessModel84_annotated1.bpmn;/home/necmic/Onedrive/Desktop/EvaluationSetup/Test1_1-BoundaryTest1_Static/BoundaryTest_decision-9/annotated/randomProcessModel84_annotated1.bpmn;null;null;null;null;null;;1;1;1;null;1;1;1;null;14.0;14.0;14.0;null;null;null;1.61527E-4;4.8264E-5;2.09791E-4;1.73803E-4;3.3402E-5;2.07205E-4;3.2317E-4;3.1784E-5;3.54954E-4;13.0;13.0;9;1.0;1.4444444444444444;1.4444444444444444;9;0;42;62;27;3.0;6;1.0;512;0;0
randomProcessModel85_annotated1.bpmn;/home/necmic/Onedrive/Desktop/EvaluationSetup/Test1_1-BoundaryTest1_Static/BoundaryTest_decision-9/annotated/randomProcessModel85_annotated1.bpmn;null;null;null;null;null;;1;1;1;null;1;1;1;null;15.0;15.0;15.0;null;null;null;1.55856E-4;3.3033E-5;1.88889E-4;5.15808E-4;6.9347E-5;5.85155E-4;3.34783E-4;3.1642E-5;3.66425E-4;13.0;13.0;9;1.0;1.4444444444444444;1.4444444444444444;9;0;42;62;27;3.0;6;1.0;512;0;0
randomProcessModel89_annotated1.bpmn;/home/necmic/Onedrive/Desktop/EvaluationSetup/Test1_1-BoundaryTest1_Static/BoundaryTest_decision-9/annotated/randomProcessModel89_annotated1.bpmn;null;null;null;null;null;;1;1;1;null;1;1;1;null;16.0;16.0;16.0;null;null;null;3.55959E-4;6.5284E-5;4.21243E-4;1.60233E-4;3.2577E-5;1.9281E-4;3.73578E-4;5.165E-5;4.25228E-4;13.0;13.0;9;1.0;1.4444444444444444;1.4444444444444444;9;0;42;62;27;3.0;6;1.0;512;0;0
randomProcessModel83_annotated1.bpmn;/home/necmic/Onedrive/Desktop/EvaluationSetup/Test1_1-BoundaryTest1_Static/BoundaryTest_decision-9/annotated/randomProcessModel83_annotated1.bpmn;null;null;null;null;null;;1;1;1;null;1;1;1;null;16.0;16.0;16.0;null;null;null;2.30205E-4;4.8285E-5;2.7849E-4;1.642E-4;3.0441E-5;1.94641E-4;3.15594E-4;3.0553E-5;3.46147E-4;13.0;13.0;9;1.0;1.4444444444444444;1.4444444444444444;9;0;42;62;27;3.0;6;1.0;512;0;0
randomProcessModel90_annotated1.bpmn;/home/necmic/Onedrive/Desktop/EvaluationSetup/Test1_1-BoundaryTest1_Static/BoundaryTest_decision-9/annotated/randomProcessModel90_annotated1.bpmn;null;null;null;null;null;;1;1;1;null;1;1;1;null;16.0;16.0;16.0;null;null;null;4.34606E-4;8.4898E-5;5.19504E-4;1.69164E-4;3.2676E-5;2.0184E-4;3.29592E-4;3.0E-5;3.59592E-4;13.0;13.0;9;1.0;1.4444444444444444;1.4444444444444444;9;0;42;62;27;3.0;6;1.0;512;0;0
randomProcessModel86_annotated1.bpmn;/home/necmic/Onedrive/Desktop/EvaluationSetup/Test1_1-BoundaryTest1_Static/BoundaryTest_decision-9/annotated/randomProcessModel86_annotated1.bpmn;null;null;null;null;null;;1;1;1;null;1;1;1;null;18.0;18.0;18.0;null;null;null;1.24712E-4;4.1052E-5;1.65764E-4;1.64209E-4;3.9036E-5;2.03245E-4;4.47937E-4;6.0079E-5;5.08016E-4;13.0;13.0;9;1.0;1.4444444444444444;1.4444444444444444;9;0;42;62;27;3.0;6;1.0;512;0;0
randomProcessModel92_annotated1.bpmn;/home/necmic/Onedrive/Desktop/EvaluationSetup/Test1_1-BoundaryTest1_Static/BoundaryTest_decision-10/annotated/randomProcessModel92_annotated1.bpmn;null;null;null;null;null;;1;1;1;null;1;1;1;null;20.0;20.0;20.0;null;null;null;1.40163E-4;3.3769E-5;1.73932E-4;2.07347E-4;6.4519E-5;2.71866E-4;6.49271E-4;5.5305E-5;7.04576E-4;14.0;14.0;10;1.0;1.4;1.4;10;0;46;68;30;3.0;6;1.0;1024;0;0
randomProcessModel98_annotated1.bpmn;/home/necmic/Onedrive/Desktop/EvaluationSetup/Test1_1-BoundaryTest1_Static/BoundaryTest_decision-10/annotated/randomProcessModel98_annotated1.bpmn;null;null;null;null;null;;1;1;1;null;1;1;1;null;17.0;17.0;17.0;null;null;null;1.70584E-4;4.0185E-5;2.10769E-4;1.89554E-4;3.4435E-5;2.23989E-4;4.44061E-4;4.9535E-5;4.93596E-4;14.0;14.0;10;1.0;1.4;1.4;10;0;46;68;30;3.0;6;1.0;1024;0;0
randomProcessModel93_annotated1.bpmn;/home/necmic/Onedrive/Desktop/EvaluationSetup/Test1_1-BoundaryTest1_Static/BoundaryTest_decision-10/annotated/randomProcessModel93_annotated1.bpmn;null;null;null;null;null;;1;1;1;null;1;1;1;null;19.0;19.0;19.0;null;null;null;1.54607E-4;3.3317E-5;1.87924E-4;1.86676E-4;3.3492E-5;2.20168E-4;7.71203E-4;5.1171E-5;8.22374E-4;14.0;14.0;10;1.0;1.4;1.4;10;0;46;68;30;3.0;6;1.0;1024;0;0
randomProcessModel99_annotated1.bpmn;/home/necmic/Onedrive/Desktop/EvaluationSetup/Test1_1-BoundaryTest1_Static/BoundaryTest_decision-10/annotated/randomProcessModel99_annotated1.bpmn;null;null;null;null;null;;1;1;1;null;1;1;1;null;17.0;17.0;17.0;null;null;null;1.50945E-4;3.6464E-5;1.87409E-4;4.15846E-4;7.0442E-5;4.86288E-4;3.58913E-4;3.4556E-5;3.93469E-4;14.0;14.0;10;1.0;1.4;1.4;10;0;46;68;30;3.0;6;1.0;1024;0;0
randomProcessModel97_annotated1.bpmn;/home/necmic/Onedrive/Desktop/EvaluationSetup/Test1_1-BoundaryTest1_Static/BoundaryTest_decision-10/annotated/randomProcessModel97_annotated1.bpmn;null;null;null;null;null;;1;1;1;null;1;1;1;null;18.0;18.0;18.0;null;null;null;1.23758E-4;3.8767E-5;1.62525E-4;5.17125E-4;7.9287E-5;5.96412E-4;5.20245E-4;4.2912E-5;5.63157E-4;14.0;14.0;10;1.0;1.4;1.4;10;0;46;68;30;3.0;6;1.0;1024;0;0
randomProcessModel91_annotated1.bpmn;/home/necmic/Onedrive/Desktop/EvaluationSetup/Test1_1-BoundaryTest1_Static/BoundaryTest_decision-10/annotated/randomProcessModel91_annotated1.bpmn;null;null;null;null;null;;1;1;1;null;1;1;1;null;17.0;17.0;17.0;null;null;null;2.11867E-4;5.1692E-5;2.63559E-4;8.37232E-4;1.06272E-4;9.43504E-4;6.14832E-4;4.6928E-5;6.6176E-4;14.0;14.0;10;1.0;1.4;1.4;10;0;46;68;30;3.0;6;1.0;1024;0;0
randomProcessModel100_annotated1.bpmn;/home/necmic/Onedrive/Desktop/EvaluationSetup/Test1_1-BoundaryTest1_Static/BoundaryTest_decision-10/annotated/randomProcessModel100_annotated1.bpmn;null;null;null;null;null;;1;1;1;null;1;1;1;null;16.0;16.0;16.0;null;null;null;1.43639E-4;6.6121E-5;2.0976E-4;0.00108361;1.19021E-4;0.001202631;3.75031E-4;3.3763E-5;4.08794E-4;14.0;14.0;10;1.0;1.4;1.4;10;0;46;68;30;3.0;6;1.0;1024;0;0
randomProcessModel95_annotated1.bpmn;/home/necmic/Onedrive/Desktop/EvaluationSetup/Test1_1-BoundaryTest1_Static/BoundaryTest_decision-10/annotated/randomProcessModel95_annotated1.bpmn;null;null;null;null;null;;1;1;1;null;1;1;1;null;19.0;19.0;19.0;null;null;null;4.63557E-4;7.6254E-5;5.39811E-4;2.05838E-4;3.8664E-5;2.44502E-4;3.25616E-4;3.2921E-5;3.58537E-4;14.0;14.0;10;1.0;1.4;1.4;10;0;46;68;30;3.0;6;1.0;1024;0;0
randomProcessModel96_annotated1.bpmn;/home/necmic/Onedrive/Desktop/EvaluationSetup/Test1_1-BoundaryTest1_Static/BoundaryTest_decision-10/annotated/randomProcessModel96_annotated1.bpmn;null;null;null;null;null;;1;1;1;null;1;1;1;null;14.0;14.0;14.0;null;null;null;1.23636E-4;3.7321E-5;1.60957E-4;1.60439E-4;3.0977E-5;1.91416E-4;0.001083083;1.38073E-4;0.001221156;14.0;14.0;10;1.0;1.4;1.4;10;0;46;68;30;3.0;6;1.0;1024;0;0
randomProcessModel94_annotated1.bpmn;/home/necmic/Onedrive/Desktop/EvaluationSetup/Test1_1-BoundaryTest1_Static/BoundaryTest_decision-10/annotated/randomProcessModel94_annotated1.bpmn;null;null;null;null;null;;1;1;1;null;1;1;1;null;17.0;17.0;17.0;null;null;null;1.18015E-4;3.2438E-5;1.50453E-4;1.73457E-4;3.474E-5;2.08197E-4;9.86518E-4;1.14875E-4;0.001101393;14.0;14.0;10;1.0;1.4;1.4;10;0;46;68;30;3.0;6;1.0;1024;0;0
randomProcessModel104_annotated1.bpmn;/home/necmic/Onedrive/Desktop/EvaluationSetup/Test1_1-BoundaryTest1_Static/BoundaryTest_decision-11/annotated/randomProcessModel104_annotated1.bpmn;null;null;null;null;null;;1;1;1;null;1;1;1;null;20.0;20.0;20.0;null;null;null;1.77311E-4;3.5401E-5;2.12712E-4;2.60767E-4;4.1042E-5;3.01809E-4;0.001130694;1.23748E-4;0.001254442;15.0;15.0;11;1.0;1.3636363636363635;1.3636363636363635;11;0;50;74;33;3.0;6;1.0;2048;0;0
randomProcessModel107_annotated1.bpmn;/home/necmic/Onedrive/Desktop/EvaluationSetup/Test1_1-BoundaryTest1_Static/BoundaryTest_decision-11/annotated/randomProcessModel107_annotated1.bpmn;null;null;null;null;null;;1;1;1;null;1;1;1;null;20.0;20.0;20.0;null;null;null;4.7879E-4;7.4561E-5;5.53351E-4;3.32856E-4;7.0004E-5;4.0286E-4;4.62402E-4;4.3295E-5;5.05697E-4;15.0;15.0;11;1.0;1.3636363636363635;1.3636363636363635;11;0;50;74;33;3.0;6;1.0;2048;0;0
randomProcessModel102_annotated1.bpmn;/home/necmic/Onedrive/Desktop/EvaluationSetup/Test1_1-BoundaryTest1_Static/BoundaryTest_decision-11/annotated/randomProcessModel102_annotated1.bpmn;null;null;null;null;null;;1;1;1;null;1;1;1;null;19.0;19.0;19.0;null;null;null;1.19391E-4;3.6033E-5;1.55424E-4;2.41911E-4;3.4956E-5;2.76867E-4;5.13632E-4;3.9431E-5;5.53063E-4;15.0;15.0;11;1.0;1.3636363636363635;1.3636363636363635;11;0;50;74;33;3.0;6;1.0;2048;0;0
randomProcessModel108_annotated1.bpmn;/home/necmic/Onedrive/Desktop/EvaluationSetup/Test1_1-BoundaryTest1_Static/BoundaryTest_decision-11/annotated/randomProcessModel108_annotated1.bpmn;null;null;null;null;null;;1;1;1;null;1;1;1;null;21.0;21.0;21.0;null;null;null;1.24407E-4;3.4683E-5;1.5909E-4;1.85415E-4;3.6387E-5;2.21802E-4;6.77772E-4;5.3027E-5;7.30799E-4;15.0;15.0;11;1.0;1.3636363636363635;1.3636363636363635;11;0;50;74;33;3.0;6;1.0;2048;0;0
randomProcessModel110_annotated1.bpmn;/home/necmic/Onedrive/Desktop/EvaluationSetup/Test1_1-BoundaryTest1_Static/BoundaryTest_decision-11/annotated/randomProcessModel110_annotated1.bpmn;null;null;null;null;null;;1;1;1;null;1;1;1;null;20.0;20.0;20.0;null;null;null;4.38633E-4;1.25576E-4;5.64209E-4;1.80243E-4;3.8476E-5;2.18719E-4;3.69652E-4;3.5072E-5;4.04724E-4;15.0;15.0;11;1.0;1.3636363636363635;1.3636363636363635;11;0;50;74;33;3.0;6;1.0;2048;0;0
randomProcessModel106_annotated1.bpmn;/home/necmic/Onedrive/Desktop/EvaluationSetup/Test1_1-BoundaryTest1_Static/BoundaryTest_decision-11/annotated/randomProcessModel106_annotated1.bpmn;null;null;null;null;null;;1;1;1;null;1;1;1;null;21.0;21.0;21.0;null;null;null;1.14362E-4;3.3901E-5;1.48263E-4;4.41874E-4;7.8751E-5;5.20625E-4;4.33373E-4;3.8658E-5;4.72031E-4;15.0;15.0;11;1.0;1.3636363636363635;1.3636363636363635;11;0;50;74;33;3.0;6;1.0;2048;0;0
randomProcessModel105_annotated1.bpmn;/home/necmic/Onedrive/Desktop/EvaluationSetup/Test1_1-BoundaryTest1_Static/BoundaryTest_decision-11/annotated/randomProcessModel105_annotated1.bpmn;null;null;null;null;null;;1;1;1;null;1;1;1;null;21.0;21.0;21.0;null;null;null;1.17512E-4;3.4932E-5;1.52444E-4;4.75491E-4;7.5951E-5;5.51442E-4;3.71108E-4;3.5496E-5;4.06604E-4;15.0;15.0;11;1.0;1.3636363636363635;1.3636363636363635;11;0;50;74;33;3.0;6;1.0;2048;0;0
randomProcessModel101_annotated1.bpmn;/home/necmic/Onedrive/Desktop/EvaluationSetup/Test1_1-BoundaryTest1_Static/BoundaryTest_decision-11/annotated/randomProcessModel101_annotated1.bpmn;null;null;null;null;null;;1;1;1;null;1;1;1;null;20.0;20.0;20.0;null;null;null;1.15037E-4;3.5261E-5;1.50298E-4;1.82603E-4;3.9982E-5;2.22585E-4;9.61314E-4;9.8718E-5;0.001060032;15.0;15.0;11;1.0;1.3636363636363635;1.3636363636363635;11;0;50;74;33;3.0;6;1.0;2048;0;0
randomProcessModel103_annotated1.bpmn;/home/necmic/Onedrive/Desktop/EvaluationSetup/Test1_1-BoundaryTest1_Static/BoundaryTest_decision-11/annotated/randomProcessModel103_annotated1.bpmn;null;null;null;null;null;;1;1;1;null;1;1;1;null;19.0;19.0;19.0;null;null;null;1.97528E-4;4.6907E-5;2.44435E-4;1.96192E-4;4.3783E-5;2.39975E-4;4.38681E-4;3.5077E-5;4.73758E-4;15.0;15.0;11;1.0;1.3636363636363635;1.3636363636363635;11;0;50;74;33;3.0;6;1.0;2048;0;0
randomProcessModel109_annotated1.bpmn;/home/necmic/Onedrive/Desktop/EvaluationSetup/Test1_1-BoundaryTest1_Static/BoundaryTest_decision-11/annotated/randomProcessModel109_annotated1.bpmn;null;null;null;null;null;;1;1;1;null;1;1;1;null;19.0;19.0;19.0;null;null;null;2.15737E-4;5.4825E-5;2.70562E-4;2.65446E-4;5.1675E-5;3.17121E-4;0.001642315;1.10768E-4;0.001753083;15.0;15.0;11;1.0;1.3636363636363635;1.3636363636363635;11;0;50;74;33;3.0;6;1.0;2048;0;0
randomProcessModel116_annotated1.bpmn;/home/necmic/Onedrive/Desktop/EvaluationSetup/Test1_1-BoundaryTest1_Static/BoundaryTest_decision-12/annotated/randomProcessModel116_annotated1.bpmn;null;null;null;null;null;;1;1;1;null;1;1;1;null;23.0;23.0;23.0;null;null;null;2.27245E-4;7.3223E-5;3.00468E-4;4.45803E-4;8.0614E-5;5.26417E-4;5.37461E-4;6.757E-5;6.05031E-4;16.0;16.0;12;1.0;1.3333333333333333;1.3333333333333333;12;0;54;80;36;3.0;6;1.0;4096;0;0
randomProcessModel115_annotated1.bpmn;/home/necmic/Onedrive/Desktop/EvaluationSetup/Test1_1-BoundaryTest1_Static/BoundaryTest_decision-12/annotated/randomProcessModel115_annotated1.bpmn;null;null;null;null;null;;1;1;1;null;1;1;1;null;23.0;23.0;23.0;null;null;null;1.33401E-4;3.9929E-5;1.7333E-4;4.00809E-4;5.9313E-5;4.60122E-4;4.86635E-4;7.0909E-5;5.57544E-4;16.0;16.0;12;1.0;1.3333333333333333;1.3333333333333333;12;0;54;80;36;3.0;6;1.0;4096;0;0
randomProcessModel114_annotated1.bpmn;/home/necmic/Onedrive/Desktop/EvaluationSetup/Test1_1-BoundaryTest1_Static/BoundaryTest_decision-12/annotated/randomProcessModel114_annotated1.bpmn;null;null;null;null;null;;1;1;1;null;1;1;1;null;25.0;25.0;25.0;null;null;null;1.23712E-4;5.1207E-5;1.74919E-4;1.7312E-4;7.3047E-5;2.46167E-4;4.43225E-4;4.0075E-5;4.833E-4;16.0;16.0;12;1.0;1.3333333333333333;1.3333333333333333;12;0;54;80;36;3.0;6;1.0;4096;0;0
randomProcessModel112_annotated1.bpmn;/home/necmic/Onedrive/Desktop/EvaluationSetup/Test1_1-BoundaryTest1_Static/BoundaryTest_decision-12/annotated/randomProcessModel112_annotated1.bpmn;null;null;null;null;null;;1;1;1;null;1;1;1;null;21.0;21.0;21.0;null;null;null;4.6375E-4;1.02072E-4;5.65822E-4;2.18289E-4;5.7857E-5;2.76146E-4;4.59163E-4;4.4646E-5;5.03809E-4;16.0;16.0;12;1.0;1.3333333333333333;1.3333333333333333;12;0;54;80;36;3.0;6;1.0;4096;0;0
randomProcessModel111_annotated1.bpmn;/home/necmic/Onedrive/Desktop/EvaluationSetup/Test1_1-BoundaryTest1_Static/BoundaryTest_decision-12/annotated/randomProcessModel111_annotated1.bpmn;null;null;null;null;null;;1;1;1;null;1;1;1;null;24.0;24.0;24.0;null;null;null;1.15013E-4;3.8117E-5;1.5313E-4;2.1E-4;4.4506E-5;2.54506E-4;0.001150268;1.21252E-4;0.00127152;16.0;16.0;12;1.0;1.3333333333333333;1.3333333333333333;12;0;54;80;36;3.0;6;1.0;4096;0;0
randomProcessModel119_annotated1.bpmn;/home/necmic/Onedrive/Desktop/EvaluationSetup/Test1_1-BoundaryTest1_Static/BoundaryTest_decision-12/annotated/randomProcessModel119_annotated1.bpmn;null;null;null;null;null;;1;1;1;null;1;1;1;null;22.0;22.0;22.0;null;null;null;1.66666E-4;4.8064E-5;2.1473E-4;5.67178E-4;9.4489E-5;6.61667E-4;3.83684E-4;3.649E-5;4.20174E-4;16.0;16.0;12;1.0;1.3333333333333333;1.3333333333333333;12;0;54;80;36;3.0;6;1.0;4096;0;0
randomProcessModel113_annotated1.bpmn;/home/necmic/Onedrive/Desktop/EvaluationSetup/Test1_1-BoundaryTest1_Static/BoundaryTest_decision-12/annotated/randomProcessModel113_annotated1.bpmn;null;null;null;null;null;;1;1;1;null;1;1;1;null;21.0;21.0;21.0;null;null;null;4.48476E-4;1.21382E-4;5.69858E-4;2.08589E-4;4.6918E-5;2.55507E-4;3.73335E-4;3.3878E-5;4.07213E-4;16.0;16.0;12;1.0;1.3333333333333333;1.3333333333333333;12;0;54;80;36;3.0;6;1.0;4096;0;0
randomProcessModel118_annotated1.bpmn;/home/necmic/Onedrive/Desktop/EvaluationSetup/Test1_1-BoundaryTest1_Static/BoundaryTest_decision-12/annotated/randomProcessModel118_annotated1.bpmn;null;null;null;null;null;;1;1;1;null;1;1;1;null;22.0;22.0;22.0;null;null;null;2.37589E-4;5.7679E-5;2.95268E-4;2.6196E-4;5.1772E-5;3.13732E-4;4.94221E-4;3.8918E-5;5.33139E-4;16.0;16.0;12;1.0;1.3333333333333333;1.3333333333333333;12;0;54;80;36;3.0;6;1.0;4096;0;0
randomProcessModel117_annotated1.bpmn;/home/necmic/Onedrive/Desktop/EvaluationSetup/Test1_1-BoundaryTest1_Static/BoundaryTest_decision-12/annotated/randomProcessModel117_annotated1.bpmn;null;null;null;null;null;;1;1;1;null;1;1;1;null;20.0;20.0;20.0;null;null;null;1.18093E-4;3.9404E-5;1.57497E-4;3.58038E-4;4.7145E-5;4.05183E-4;4.1276E-4;3.5715E-5;4.48475E-4;16.0;16.0;12;1.0;1.3333333333333333;1.3333333333333333;12;0;54;80;36;3.0;6;1.0;4096;0;0
randomProcessModel120_annotated1.bpmn;/home/necmic/Onedrive/Desktop/EvaluationSetup/Test1_1-BoundaryTest1_Static/BoundaryTest_decision-12/annotated/randomProcessModel120_annotated1.bpmn;null;null;null;null;null;;1;1;1;null;1;1;1;null;21.0;21.0;21.0;null;null;null;2.87757E-4;6.5326E-5;3.53083E-4;2.39928E-4;7.54E-5;3.15328E-4;4.57518E-4;4.3027E-5;5.00545E-4;16.0;16.0;12;1.0;1.3333333333333333;1.3333333333333333;12;0;54;80;36;3.0;6;1.0;4096;0;0
randomProcessModel125_annotated1.bpmn;/home/necmic/Onedrive/Desktop/EvaluationSetup/Test1_1-BoundaryTest1_Static/BoundaryTest_decision-13/annotated/randomProcessModel125_annotated1.bpmn;null;null;null;null;null;;1;1;1;null;1;1;1;null;24.0;24.0;24.0;null;null;null;1.21002E-4;3.9205E-5;1.60207E-4;3.73643E-4;6.3244E-5;4.36887E-4;4.19316E-4;3.7805E-5;4.57121E-4;17.0;17.0;13;1.0;1.3076923076923077;1.3076923076923077;13;0;58;86;39;3.0;6;1.0;8192;0;0
randomProcessModel123_annotated1.bpmn;/home/necmic/Onedrive/Desktop/EvaluationSetup/Test1_1-BoundaryTest1_Static/BoundaryTest_decision-13/annotated/randomProcessModel123_annotated1.bpmn;null;null;null;null;null;;1;1;1;null;1;1;1;null;25.0;25.0;25.0;null;null;null;1.19659E-4;3.9885E-5;1.59544E-4;6.68977E-4;8.9991E-5;7.58968E-4;3.5633E-4;3.8147E-5;3.94477E-4;17.0;17.0;13;1.0;1.3076923076923077;1.3076923076923077;13;0;58;86;39;3.0;6;1.0;8192;0;0
randomProcessModel129_annotated1.bpmn;/home/necmic/Onedrive/Desktop/EvaluationSetup/Test1_1-BoundaryTest1_Static/BoundaryTest_decision-13/annotated/randomProcessModel129_annotated1.bpmn;null;null;null;null;null;;1;1;1;null;1;1;1;null;24.0;24.0;24.0;null;null;null;1.295E-4;4.1682E-5;1.71182E-4;6.48353E-4;1.38869E-4;7.87222E-4;4.0593E-4;7.168E-5;4.7761E-4;17.0;17.0;13;1.0;1.3076923076923077;1.3076923076923077;13;0;58;86;39;3.0;6;1.0;8192;0;0
randomProcessModel122_annotated1.bpmn;/home/necmic/Onedrive/Desktop/EvaluationSetup/Test1_1-BoundaryTest1_Static/BoundaryTest_decision-13/annotated/randomProcessModel122_annotated1.bpmn;null;null;null;null;null;;1;1;1;null;1;1;1;null;25.0;25.0;25.0;null;null;null;1.25693E-4;5.6896E-5;1.82589E-4;3.4116E-4;5.529E-5;3.9645E-4;3.75983E-4;3.8694E-5;4.14677E-4;17.0;17.0;13;1.0;1.3076923076923077;1.3076923076923077;13;0;58;86;39;3.0;6;1.0;8192;0;0
randomProcessModel127_annotated1.bpmn;/home/necmic/Onedrive/Desktop/EvaluationSetup/Test1_1-BoundaryTest1_Static/BoundaryTest_decision-13/annotated/randomProcessModel127_annotated1.bpmn;null;null;null;null;null;;1;1;1;null;1;1;1;null;22.0;22.0;22.0;null;null;null;1.49106E-4;4.403E-5;1.93136E-4;5.44365E-4;9.3588E-5;6.37953E-4;4.15233E-4;4.6177E-5;4.6141E-4;17.0;17.0;13;1.0;1.3076923076923077;1.3076923076923077;13;0;58;86;39;3.0;6;1.0;8192;0;0
randomProcessModel128_annotated1.bpmn;/home/necmic/Onedrive/Desktop/EvaluationSetup/Test1_1-BoundaryTest1_Static/BoundaryTest_decision-13/annotated/randomProcessModel128_annotated1.bpmn;null;null;null;null;null;;1;1;1;null;1;1;1;null;25.0;25.0;25.0;null;null;null;1.71444E-4;5.0552E-5;2.21996E-4;5.08121E-4;1.29676E-4;6.37797E-4;4.89834E-4;4.8877E-5;5.38711E-4;17.0;17.0;13;1.0;1.3076923076923077;1.3076923076923077;13;0;58;86;39;3.0;6;1.0;8192;0;0
randomProcessModel130_annotated1.bpmn;/home/necmic/Onedrive/Desktop/EvaluationSetup/Test1_1-BoundaryTest1_Static/BoundaryTest_decision-13/annotated/randomProcessModel130_annotated1.bpmn;null;null;null;null;null;;1;1;1;null;1;1;1;null;24.0;24.0;24.0;null;null;null;1.42973E-4;5.0347E-5;1.9332E-4;2.2392E-4;4.1142E-5;2.65062E-4;8.0788E-4;6.7597E-5;8.75477E-4;17.0;17.0;13;1.0;1.3076923076923077;1.3076923076923077;13;0;58;86;39;3.0;6;1.0;8192;0;0
randomProcessModel126_annotated1.bpmn;/home/necmic/Onedrive/Desktop/EvaluationSetup/Test1_1-BoundaryTest1_Static/BoundaryTest_decision-13/annotated/randomProcessModel126_annotated1.bpmn;null;null;null;null;null;;1;1;1;null;1;1;1;null;23.0;23.0;23.0;null;null;null;1.46717E-4;3.9631E-5;1.86348E-4;2.08355E-4;3.9987E-5;2.48342E-4;0.001138804;9.4912E-5;0.001233716;17.0;17.0;13;1.0;1.3076923076923077;1.3076923076923077;13;0;58;86;39;3.0;6;1.0;8192;0;0
randomProcessModel121_annotated1.bpmn;/home/necmic/Onedrive/Desktop/EvaluationSetup/Test1_1-BoundaryTest1_Static/BoundaryTest_decision-13/annotated/randomProcessModel121_annotated1.bpmn;null;null;null;null;null;;1;1;1;null;1;1;1;null;24.0;24.0;24.0;null;null;null;3.94089E-4;1.20919E-4;5.15008E-4;2.68154E-4;5.9778E-5;3.27932E-4;4.93577E-4;4.8935E-5;5.42512E-4;17.0;17.0;13;1.0;1.3076923076923077;1.3076923076923077;13;0;58;86;39;3.0;6;1.0;8192;0;0
randomProcessModel124_annotated1.bpmn;/home/necmic/Onedrive/Desktop/EvaluationSetup/Test1_1-BoundaryTest1_Static/BoundaryTest_decision-13/annotated/randomProcessModel124_annotated1.bpmn;null;null;null;null;null;;1;1;1;null;1;1;1;null;23.0;23.0;23.0;null;null;null;1.59304E-4;4.1705E-5;2.01009E-4;3.42877E-4;5.7802E-5;4.00679E-4;4.04022E-4;3.7106E-5;4.41128E-4;17.0;17.0;13;1.0;1.3076923076923077;1.3076923076923077;13;0;58;86;39;3.0;6;1.0;8192;0;0
randomProcessModel138_annotated1.bpmn;/home/necmic/Onedrive/Desktop/EvaluationSetup/Test1_1-BoundaryTest1_Static/BoundaryTest_decision-14/annotated/randomProcessModel138_annotated1.bpmn;null;null;null;null;null;;1;1;1;null;1;1;1;null;26.0;26.0;26.0;null;null;null;1.64329E-4;4.1313E-5;2.05642E-4;2.47156E-4;4.5434E-5;2.9259E-4;6.97691E-4;7.6594E-5;7.74285E-4;19.0;19.0;14;1.0;1.3571428571428572;1.3571428571428572;14;0;62;92;42;3.0;6;1.0;16384;0;0
randomProcessModel139_annotated1.bpmn;/home/necmic/Onedrive/Desktop/EvaluationSetup/Test1_1-BoundaryTest1_Static/BoundaryTest_decision-14/annotated/randomProcessModel139_annotated1.bpmn;null;null;null;null;null;;1;1;1;null;1;1;1;null;25.0;25.0;25.0;null;null;null;1.33158E-4;4.3867E-5;1.77025E-4;2.07631E-4;7.5181E-5;2.82812E-4;6.7195E-4;6.9127E-5;7.41077E-4;19.0;19.0;14;1.0;1.3571428571428572;1.3571428571428572;14;0;62;92;42;3.0;6;1.0;16384;0;0
randomProcessModel135_annotated1.bpmn;/home/necmic/Onedrive/Desktop/EvaluationSetup/Test1_1-BoundaryTest1_Static/BoundaryTest_decision-14/annotated/randomProcessModel135_annotated1.bpmn;null;null;null;null;null;;1;1;1;null;1;1;1;null;26.0;26.0;26.0;null;null;null;1.44448E-4;4.3663E-5;1.88111E-4;2.49318E-4;5.2212E-5;3.0153E-4;5.42785E-4;5.2134E-5;5.94919E-4;19.0;19.0;14;1.0;1.3571428571428572;1.3571428571428572;14;0;62;92;42;3.0;6;1.0;16384;0;0
randomProcessModel132_annotated1.bpmn;/home/necmic/Onedrive/Desktop/EvaluationSetup/Test1_1-BoundaryTest1_Static/BoundaryTest_decision-14/annotated/randomProcessModel132_annotated1.bpmn;null;null;null;null;null;;1;1;1;null;1;1;1;null;26.0;26.0;26.0;null;null;null;1.36462E-4;4.4827E-5;1.81289E-4;2.84346E-4;4.6119E-5;3.30465E-4;4.27884E-4;4.6213E-5;4.74097E-4;19.0;19.0;14;1.0;1.3571428571428572;1.3571428571428572;14;0;62;92;42;3.0;6;1.0;16384;0;0
randomProcessModel133_annotated1.bpmn;/home/necmic/Onedrive/Desktop/EvaluationSetup/Test1_1-BoundaryTest1_Static/BoundaryTest_decision-14/annotated/randomProcessModel133_annotated1.bpmn;null;null;null;null;null;;1;1;1;null;1;1;1;null;27.0;27.0;27.0;null;null;null;2.32206E-4;6.9819E-5;3.02025E-4;2.02054E-4;4.3693E-5;2.45747E-4;0.001318924;9.1487E-5;0.001410411;19.0;19.0;14;1.0;1.3571428571428572;1.3571428571428572;14;0;62;92;42;3.0;6;1.0;16384;0;0
randomProcessModel131_annotated1.bpmn;/home/necmic/Onedrive/Desktop/EvaluationSetup/Test1_1-BoundaryTest1_Static/BoundaryTest_decision-14/annotated/randomProcessModel131_annotated1.bpmn;null;null;null;null;null;;1;1;1;null;1;1;1;null;23.0;23.0;23.0;null;null;null;1.40423E-4;4.1592E-5;1.82015E-4;2.2702E-4;4.1321E-5;2.68341E-4;0.001481188;1.13522E-4;0.00159471;19.0;19.0;14;1.0;1.3571428571428572;1.3571428571428572;14;0;62;92;42;3.0;6;1.0;16384;0;0
randomProcessModel136_annotated1.bpmn;/home/necmic/Onedrive/Desktop/EvaluationSetup/Test1_1-BoundaryTest1_Static/BoundaryTest_decision-14/annotated/randomProcessModel136_annotated1.bpmn;null;null;null;null;null;;1;1;1;null;1;1;1;null;26.0;26.0;26.0;null;null;null;1.29265E-4;4.2062E-5;1.71327E-4;4.75627E-4;9.2495E-5;5.68122E-4;4.91027E-4;6.6768E-5;5.57795E-4;19.0;19.0;14;1.0;1.3571428571428572;1.3571428571428572;14;0;62;92;42;3.0;6;1.0;16384;0;0
randomProcessModel137_annotated1.bpmn;/home/necmic/Onedrive/Desktop/EvaluationSetup/Test1_1-BoundaryTest1_Static/BoundaryTest_decision-14/annotated/randomProcessModel137_annotated1.bpmn;null;null;null;null;null;;1;1;1;null;1;1;1;null;23.0;23.0;23.0;null;null;null;1.44937E-4;4.2925E-5;1.87862E-4;2.50789E-4;7.2337E-5;3.23126E-4;9.36937E-4;1.00522E-4;0.001037459;19.0;19.0;14;1.0;1.3571428571428572;1.3571428571428572;14;0;62;92;42;3.0;6;1.0;16384;0;0
randomProcessModel134_annotated1.bpmn;/home/necmic/Onedrive/Desktop/EvaluationSetup/Test1_1-BoundaryTest1_Static/BoundaryTest_decision-14/annotated/randomProcessModel134_annotated1.bpmn;null;null;null;null;null;;1;1;1;null;1;1;1;null;27.0;27.0;27.0;null;null;null;1.76776E-4;4.3235E-5;2.20011E-4;1.95771E-4;4.3312E-5;2.39083E-4;8.11683E-4;8.5104E-5;8.96787E-4;19.0;19.0;14;1.0;1.3571428571428572;1.3571428571428572;14;0;62;92;42;3.0;6;1.0;16384;0;0
randomProcessModel140_annotated1.bpmn;/home/necmic/Onedrive/Desktop/EvaluationSetup/Test1_1-BoundaryTest1_Static/BoundaryTest_decision-14/annotated/randomProcessModel140_annotated1.bpmn;null;null;null;null;null;;1;1;1;null;1;1;1;null;26.0;26.0;26.0;null;null;null;3.11223E-4;4.4368E-5;3.55591E-4;1.8932E-4;5.9907E-5;2.49227E-4;4.14932E-4;4.4725E-5;4.59657E-4;19.0;19.0;14;1.0;1.3571428571428572;1.3571428571428572;14;0;62;92;42;3.0;6;1.0;16384;0;0
randomProcessModel146_annotated1.bpmn;/home/necmic/Onedrive/Desktop/EvaluationSetup/Test1_1-BoundaryTest1_Static/BoundaryTest_decision-15/annotated/randomProcessModel146_annotated1.bpmn;null;null;null;null;null;;1;1;1;null;1;1;1;null;28.0;28.0;28.0;null;null;null;4.14527E-4;7.6279E-5;4.90806E-4;3.12943E-4;4.601E-5;3.58953E-4;4.55937E-4;5.0865E-5;5.06802E-4;20.0;20.0;15;1.0;1.3333333333333333;1.3333333333333333;15;0;66;98;45;3.0;6;1.0;32768;0;0
randomProcessModel148_annotated1.bpmn;/home/necmic/Onedrive/Desktop/EvaluationSetup/Test1_1-BoundaryTest1_Static/BoundaryTest_decision-15/annotated/randomProcessModel148_annotated1.bpmn;null;null;null;null;null;;1;1;1;null;1;1;1;null;25.0;25.0;25.0;null;null;null;1.5241E-4;4.5103E-5;1.97513E-4;4.28152E-4;4.6647E-5;4.74799E-4;0.0011188;9.9794E-5;0.001218594;20.0;20.0;15;1.0;1.3333333333333333;1.3333333333333333;15;0;66;98;45;3.0;6;1.0;32768;0;0
randomProcessModel149_annotated1.bpmn;/home/necmic/Onedrive/Desktop/EvaluationSetup/Test1_1-BoundaryTest1_Static/BoundaryTest_decision-15/annotated/randomProcessModel149_annotated1.bpmn;null;null;null;null;null;;1;1;1;null;1;1;1;null;25.0;25.0;25.0;null;null;null;1.51509E-4;6.3778E-5;2.15287E-4;2.28206E-4;4.6387E-5;2.74593E-4;5.4852E-4;5.6426E-5;6.04946E-4;20.0;20.0;15;1.0;1.3333333333333333;1.3333333333333333;15;0;66;98;45;3.0;6;1.0;32768;0;0
randomProcessModel147_annotated1.bpmn;/home/necmic/Onedrive/Desktop/EvaluationSetup/Test1_1-BoundaryTest1_Static/BoundaryTest_decision-15/annotated/randomProcessModel147_annotated1.bpmn;null;null;null;null;null;;1;1;1;null;1;1;1;null;25.0;25.0;25.0;null;null;null;4.29563E-4;1.29971E-4;5.59534E-4;1.80278E-4;4.3599E-5;2.23877E-4;3.08721E-4;4.0952E-5;3.49673E-4;20.0;20.0;15;1.0;1.3333333333333333;1.3333333333333333;15;0;66;98;45;3.0;6;1.0;32768;0;0
randomProcessModel144_annotated1.bpmn;/home/necmic/Onedrive/Desktop/EvaluationSetup/Test1_1-BoundaryTest1_Static/BoundaryTest_decision-15/annotated/randomProcessModel144_annotated1.bpmn;null;null;null;null;null;;1;1;1;null;1;1;1;null;28.0;28.0;28.0;null;null;null;1.3893E-4;4.5095E-5;1.84025E-4;1.61397E-4;4.7808E-5;2.09205E-4;6.33741E-4;9.1152E-5;7.24893E-4;20.0;20.0;15;1.0;1.3333333333333333;1.3333333333333333;15;0;66;98;45;3.0;6;1.0;32768;0;0
randomProcessModel143_annotated1.bpmn;/home/necmic/Onedrive/Desktop/EvaluationSetup/Test1_1-BoundaryTest1_Static/BoundaryTest_decision-15/annotated/randomProcessModel143_annotated1.bpmn;null;null;null;null;null;;1;1;1;null;1;1;1;null;27.0;27.0;27.0;null;null;null;3.11142E-4;1.00274E-4;4.11416E-4;1.53896E-4;4.4322E-5;1.98218E-4;4.29503E-4;4.2362E-5;4.71865E-4;20.0;20.0;15;1.0;1.3333333333333333;1.3333333333333333;15;0;66;98;45;3.0;6;1.0;32768;0;0
randomProcessModel145_annotated1.bpmn;/home/necmic/Onedrive/Desktop/EvaluationSetup/Test1_1-BoundaryTest1_Static/BoundaryTest_decision-15/annotated/randomProcessModel145_annotated1.bpmn;null;null;null;null;null;;1;1;1;null;1;1;1;null;25.0;25.0;25.0;null;null;null;1.21207E-4;4.4921E-5;1.66128E-4;1.57361E-4;4.4487E-5;2.01848E-4;8.7492E-4;1.30235E-4;0.001005155;20.0;20.0;15;1.0;1.3333333333333333;1.3333333333333333;15;0;66;98;45;3.0;6;1.0;32768;0;0
randomProcessModel142_annotated1.bpmn;/home/necmic/Onedrive/Desktop/EvaluationSetup/Test1_1-BoundaryTest1_Static/BoundaryTest_decision-15/annotated/randomProcessModel142_annotated1.bpmn;null;null;null;null;null;;1;1;1;null;1;1;1;null;25.0;25.0;25.0;null;null;null;1.26091E-4;4.6643E-5;1.72734E-4;4.90354E-4;1.28599E-4;6.18953E-4;3.12944E-4;4.1943E-5;3.54887E-4;20.0;20.0;15;1.0;1.3333333333333333;1.3333333333333333;15;0;66;98;45;3.0;6;1.0;32768;0;0
randomProcessModel141_annotated1.bpmn;/home/necmic/Onedrive/Desktop/EvaluationSetup/Test1_1-BoundaryTest1_Static/BoundaryTest_decision-15/annotated/randomProcessModel141_annotated1.bpmn;null;null;null;null;null;;1;1;1;null;1;1;1;null;27.0;27.0;27.0;null;null;null;1.27024E-4;6.2998E-5;1.90022E-4;2.29252E-4;6.8761E-5;2.98013E-4;2.90023E-4;4.0803E-5;3.30826E-4;20.0;20.0;15;1.0;1.3333333333333333;1.3333333333333333;15;0;66;98;45;3.0;6;1.0;32768;0;0
randomProcessModel150_annotated1.bpmn;/home/necmic/Onedrive/Desktop/EvaluationSetup/Test1_1-BoundaryTest1_Static/BoundaryTest_decision-15/annotated/randomProcessModel150_annotated1.bpmn;null;null;null;null;null;;1;1;1;null;1;1;1;null;29.0;29.0;29.0;null;null;null;1.19214E-4;4.3512E-5;1.62726E-4;1.70686E-4;4.5928E-5;2.16614E-4;7.18671E-4;9.2798E-5;8.11469E-4;20.0;20.0;15;1.0;1.3333333333333333;1.3333333333333333;15;0;66;98;45;3.0;6;1.0;32768;0;0
randomProcessModel160_annotated1.bpmn;/home/necmic/Onedrive/Desktop/EvaluationSetup/Test1_1-BoundaryTest1_Static/BoundaryTest_decision-16/annotated/randomProcessModel160_annotated1.bpmn;null;null;null;null;null;;1;1;1;null;1;1;1;null;29.0;29.0;29.0;null;null;null;1.63188E-4;4.8843E-5;2.12031E-4;2.51548E-4;7.7679E-5;3.29227E-4;8.03129E-4;5.3647E-5;8.56776E-4;21.0;21.0;16;1.0;1.3125;1.3125;16;0;70;104;48;3.0;6;1.0;65536;0;0
randomProcessModel151_annotated1.bpmn;/home/necmic/Onedrive/Desktop/EvaluationSetup/Test1_1-BoundaryTest1_Static/BoundaryTest_decision-16/annotated/randomProcessModel151_annotated1.bpmn;null;null;null;null;null;;1;1;1;null;1;1;1;null;28.0;28.0;28.0;null;null;null;1.20126E-4;4.7792E-5;1.67918E-4;1.63856E-4;5.0595E-5;2.14451E-4;5.70997E-4;7.1425E-5;6.42422E-4;21.0;21.0;16;1.0;1.3125;1.3125;16;0;70;104;48;3.0;6;1.0;65536;0;0
randomProcessModel156_annotated1.bpmn;/home/necmic/Onedrive/Desktop/EvaluationSetup/Test1_1-BoundaryTest1_Static/BoundaryTest_decision-16/annotated/randomProcessModel156_annotated1.bpmn;null;null;null;null;null;;1;1;1;null;1;1;1;null;31.0;31.0;31.0;null;null;null;1.27968E-4;6.2329E-5;1.90297E-4;2.71754E-4;7.4314E-5;3.46068E-4;7.81759E-4;9.6668E-5;8.78427E-4;21.0;21.0;16;1.0;1.3125;1.3125;16;0;70;104;48;3.0;6;1.0;65536;0;0
randomProcessModel159_annotated1.bpmn;/home/necmic/Onedrive/Desktop/EvaluationSetup/Test1_1-BoundaryTest1_Static/BoundaryTest_decision-16/annotated/randomProcessModel159_annotated1.bpmn;null;null;null;null;null;;1;1;1;null;1;1;1;null;28.0;28.0;28.0;null;null;null;4.36927E-4;7.4661E-5;5.11588E-4;1.51638E-4;4.7455E-5;1.99093E-4;3.16425E-4;4.2704E-5;3.59129E-4;21.0;21.0;16;1.0;1.3125;1.3125;16;0;70;104;48;3.0;6;1.0;65536;0;0
randomProcessModel153_annotated1.bpmn;/home/necmic/Onedrive/Desktop/EvaluationSetup/Test1_1-BoundaryTest1_Static/BoundaryTest_decision-16/annotated/randomProcessModel153_annotated1.bpmn;null;null;null;null;null;;1;1;1;null;1;1;1;null;27.0;27.0;27.0;null;null;null;2.91493E-4;6.8528E-5;3.60021E-4;2.88778E-4;9.0144E-5;3.78922E-4;5.03327E-4;7.0448E-5;5.73775E-4;21.0;21.0;16;1.0;1.3125;1.3125;16;0;70;104;48;3.0;6;1.0;65536;0;0
randomProcessModel157_annotated1.bpmn;/home/necmic/Onedrive/Desktop/EvaluationSetup/Test1_1-BoundaryTest1_Static/BoundaryTest_decision-16/annotated/randomProcessModel157_annotated1.bpmn;null;null;null;null;null;;1;1;1;null;1;1;1;null;32.0;32.0;32.0;null;null;null;2.93491E-4;1.06082E-4;3.99573E-4;1.55729E-4;4.8635E-5;2.04364E-4;3.56609E-4;4.4373E-5;4.00982E-4;21.0;21.0;16;1.0;1.3125;1.3125;16;0;70;104;48;3.0;6;1.0;65536;0;0
randomProcessModel155_annotated1.bpmn;/home/necmic/Onedrive/Desktop/EvaluationSetup/Test1_1-BoundaryTest1_Static/BoundaryTest_decision-16/annotated/randomProcessModel155_annotated1.bpmn;null;null;null;null;null;;1;1;1;null;1;1;1;null;29.0;29.0;29.0;null;null;null;2.38993E-4;7.253E-5;3.11523E-4;1.70801E-4;5.6958E-5;2.27759E-4;2.98558E-4;4.6243E-5;3.44801E-4;21.0;21.0;16;1.0;1.3125;1.3125;16;0;70;104;48;3.0;6;1.0;65536;0;0
randomProcessModel152_annotated1.bpmn;/home/necmic/Onedrive/Desktop/EvaluationSetup/Test1_1-BoundaryTest1_Static/BoundaryTest_decision-16/annotated/randomProcessModel152_annotated1.bpmn;null;null;null;null;null;;1;1;1;null;1;1;1;null;30.0;30.0;30.0;null;null;null;1.27353E-4;4.6016E-5;1.73369E-4;3.56678E-4;1.04845E-4;4.61523E-4;3.23463E-4;6.1221E-5;3.84684E-4;21.0;21.0;16;1.0;1.3125;1.3125;16;0;70;104;48;3.0;6;1.0;65536;0;0
randomProcessModel158_annotated1.bpmn;/home/necmic/Onedrive/Desktop/EvaluationSetup/Test1_1-BoundaryTest1_Static/BoundaryTest_decision-16/annotated/randomProcessModel158_annotated1.bpmn;null;null;null;null;null;;1;1;1;null;1;1;1;null;28.0;28.0;28.0;null;null;null;2.59324E-4;9.6294E-5;3.55618E-4;2.98661E-4;1.17472E-4;4.16133E-4;3.30679E-4;4.3404E-5;3.74083E-4;21.0;21.0;16;1.0;1.3125;1.3125;16;0;70;104;48;3.0;6;1.0;65536;0;0
randomProcessModel154_annotated1.bpmn;/home/necmic/Onedrive/Desktop/EvaluationSetup/Test1_1-BoundaryTest1_Static/BoundaryTest_decision-16/annotated/randomProcessModel154_annotated1.bpmn;null;null;null;null;null;;1;1;1;null;1;1;1;null;28.0;28.0;28.0;null;null;null;2.3072E-4;9.1226E-5;3.21946E-4;4.06403E-4;1.54455E-4;5.60858E-4;5.03063E-4;1.05997E-4;6.0906E-4;21.0;21.0;16;1.0;1.3125;1.3125;16;0;70;104;48;3.0;6;1.0;65536;0;0
randomProcessModel164_annotated1.bpmn;/home/necmic/Onedrive/Desktop/EvaluationSetup/Test1_1-BoundaryTest1_Static/BoundaryTest_decision-17/annotated/randomProcessModel164_annotated1.bpmn;null;null;null;null;null;;1;1;1;null;1;1;1;null;37.0;37.0;37.0;null;null;null;1.33607E-4;5.1525E-5;1.85132E-4;3.25607E-4;1.22561E-4;4.48168E-4;3.48033E-4;4.7024E-5;3.95057E-4;22.0;22.0;17;1.0;1.2941176470588236;1.2941176470588236;17;0;74;110;51;3.0;6;1.0;131072;0;0
randomProcessModel165_annotated1.bpmn;/home/necmic/Onedrive/Desktop/EvaluationSetup/Test1_1-BoundaryTest1_Static/BoundaryTest_decision-17/annotated/randomProcessModel165_annotated1.bpmn;null;null;null;null;null;;1;1;1;null;1;1;1;null;32.0;32.0;32.0;null;null;null;1.23295E-4;5.0702E-5;1.73997E-4;4.89964E-4;1.75193E-4;6.65157E-4;4.28385E-4;6.5679E-5;4.94064E-4;22.0;22.0;17;1.0;1.2941176470588236;1.2941176470588236;17;0;74;110;51;3.0;6;1.0;131072;0;0
randomProcessModel163_annotated1.bpmn;/home/necmic/Onedrive/Desktop/EvaluationSetup/Test1_1-BoundaryTest1_Static/BoundaryTest_decision-17/annotated/randomProcessModel163_annotated1.bpmn;null;null;null;null;null;;1;1;1;null;1;1;1;null;30.0;30.0;30.0;null;null;null;1.52857E-4;5.377E-5;2.06627E-4;1.74098E-4;6.6959E-5;2.41057E-4;3.74185E-4;6.7077E-5;4.41262E-4;22.0;22.0;17;1.0;1.2941176470588236;1.2941176470588236;17;0;74;110;51;3.0;6;1.0;131072;0;0
randomProcessModel169_annotated1.bpmn;/home/necmic/Onedrive/Desktop/EvaluationSetup/Test1_1-BoundaryTest1_Static/BoundaryTest_decision-17/annotated/randomProcessModel169_annotated1.bpmn;null;null;null;null;null;;1;1;1;null;1;1;1;null;32.0;32.0;32.0;null;null;null;1.3451E-4;5.0257E-5;1.84767E-4;2.32394E-4;7.8297E-5;3.10691E-4;3.2117E-4;4.7482E-5;3.68652E-4;22.0;22.0;17;1.0;1.2941176470588236;1.2941176470588236;17;0;74;110;51;3.0;6;1.0;131072;0;0
randomProcessModel162_annotated1.bpmn;/home/necmic/Onedrive/Desktop/EvaluationSetup/Test1_1-BoundaryTest1_Static/BoundaryTest_decision-17/annotated/randomProcessModel162_annotated1.bpmn;null;null;null;null;null;;1;1;1;null;1;1;1;null;30.0;30.0;30.0;null;null;null;4.23019E-4;1.23936E-4;5.46955E-4;1.66525E-4;7.0035E-5;2.3656E-4;3.7198E-4;4.7843E-5;4.19823E-4;22.0;22.0;17;1.0;1.2941176470588236;1.2941176470588236;17;0;74;110;51;3.0;6;1.0;131072;0;0
randomProcessModel168_annotated1.bpmn;/home/necmic/Onedrive/Desktop/EvaluationSetup/Test1_1-BoundaryTest1_Static/BoundaryTest_decision-17/annotated/randomProcessModel168_annotated1.bpmn;null;null;null;null;null;;1;1;1;null;1;1;1;null;31.0;31.0;31.0;null;null;null;1.28049E-4;4.952E-5;1.77569E-4;2.94084E-4;1.12381E-4;4.06465E-4;5.17104E-4;8.2213E-5;5.99317E-4;22.0;22.0;17;1.0;1.2941176470588236;1.2941176470588236;17;0;74;110;51;3.0;6;1.0;131072;0;0
randomProcessModel161_annotated1.bpmn;/home/necmic/Onedrive/Desktop/EvaluationSetup/Test1_1-BoundaryTest1_Static/BoundaryTest_decision-17/annotated/randomProcessModel161_annotated1.bpmn;null;null;null;null;null;;1;1;1;null;1;1;1;null;30.0;30.0;30.0;null;null;null;1.29175E-4;5.0418E-5;1.79593E-4;1.65671E-4;5.0651E-5;2.16322E-4;7.87358E-4;5.5607E-5;8.42965E-4;22.0;22.0;17;1.0;1.2941176470588236;1.2941176470588236;17;0;74;110;51;3.0;6;1.0;131072;0;0
randomProcessModel166_annotated1.bpmn;/home/necmic/Onedrive/Desktop/EvaluationSetup/Test1_1-BoundaryTest1_Static/BoundaryTest_decision-17/annotated/randomProcessModel166_annotated1.bpmn;null;null;null;null;null;;1;1;1;null;1;1;1;null;32.0;32.0;32.0;null;null;null;1.25541E-4;5.0799E-5;1.7634E-4;2.56364E-4;1.31876E-4;3.8824E-4;3.22693E-4;4.7785E-5;3.70478E-4;22.0;22.0;17;1.0;1.2941176470588236;1.2941176470588236;17;0;74;110;51;3.0;6;1.0;131072;0;0
randomProcessModel167_annotated1.bpmn;/home/necmic/Onedrive/Desktop/EvaluationSetup/Test1_1-BoundaryTest1_Static/BoundaryTest_decision-17/annotated/randomProcessModel167_annotated1.bpmn;null;null;null;null;null;;1;1;1;null;1;1;1;null;28.0;28.0;28.0;null;null;null;1.30165E-4;7.9536E-5;2.09701E-4;2.24322E-4;6.7371E-5;2.91693E-4;3.62762E-4;5.2452E-5;4.15214E-4;22.0;22.0;17;1.0;1.2941176470588236;1.2941176470588236;17;0;74;110;51;3.0;6;1.0;131072;0;0
randomProcessModel170_annotated1.bpmn;/home/necmic/Onedrive/Desktop/EvaluationSetup/Test1_1-BoundaryTest1_Static/BoundaryTest_decision-17/annotated/randomProcessModel170_annotated1.bpmn;null;null;null;null;null;;1;1;1;null;1;1;1;null;30.0;30.0;30.0;null;null;null;1.69535E-4;5.4168E-5;2.23703E-4;1.71992E-4;8.2073E-5;2.54065E-4;5.38729E-4;6.6149E-5;6.04878E-4;22.0;22.0;17;1.0;1.2941176470588236;1.2941176470588236;17;0;74;110;51;3.0;6;1.0;131072;0;0
randomProcessModel173_annotated1.bpmn;/home/necmic/Onedrive/Desktop/EvaluationSetup/Test1_1-BoundaryTest1_Static/BoundaryTest_decision-18/annotated/randomProcessModel173_annotated1.bpmn;null;null;null;null;null;;1;1;1;null;1;1;1;null;32.0;32.0;32.0;null;null;null;4.9937E-4;1.7983E-4;6.792E-4;1.59358E-4;5.4814E-5;2.14172E-4;3.81639E-4;5.2282E-5;4.33921E-4;23.0;23.0;18;1.0;1.2777777777777777;1.2777777777777777;18;0;78;116;54;3.0;6;1.0;262144;0;0
randomProcessModel175_annotated1.bpmn;/home/necmic/Onedrive/Desktop/EvaluationSetup/Test1_1-BoundaryTest1_Static/BoundaryTest_decision-18/annotated/randomProcessModel175_annotated1.bpmn;null;null;null;null;null;;1;1;1;null;1;1;1;null;35.0;35.0;35.0;null;null;null;1.31392E-4;5.3572E-5;1.84964E-4;1.73808E-4;7.9789E-5;2.53597E-4;3.75454E-4;5.2287E-5;4.27741E-4;23.0;23.0;18;1.0;1.2777777777777777;1.2777777777777777;18;0;78;116;54;3.0;6;1.0;262144;0;0
randomProcessModel171_annotated1.bpmn;/home/necmic/Onedrive/Desktop/EvaluationSetup/Test1_1-BoundaryTest1_Static/BoundaryTest_decision-18/annotated/randomProcessModel171_annotated1.bpmn;null;null;null;null;null;;1;1;1;null;1;1;1;null;33.0;33.0;33.0;null;null;null;1.36076E-4;5.3081E-5;1.89157E-4;1.73722E-4;5.2884E-5;2.26606E-4;8.95674E-4;1.55758E-4;0.001051432;23.0;23.0;18;1.0;1.2777777777777777;1.2777777777777777;18;0;78;116;54;3.0;6;1.0;262144;0;0
randomProcessModel179_annotated1.bpmn;/home/necmic/Onedrive/Desktop/EvaluationSetup/Test1_1-BoundaryTest1_Static/BoundaryTest_decision-18/annotated/randomProcessModel179_annotated1.bpmn;null;null;null;null;null;;1;1;1;null;1;1;1;null;34.0;34.0;34.0;null;null;null;1.4197E-4;6.2121E-5;2.04091E-4;1.5821E-4;5.195E-5;2.1016E-4;9.29518E-4;2.05616E-4;0.001135134;23.0;23.0;18;1.0;1.2777777777777777;1.2777777777777777;18;0;78;116;54;3.0;6;1.0;262144;0;0
randomProcessModel177_annotated1.bpmn;/home/necmic/Onedrive/Desktop/EvaluationSetup/Test1_1-BoundaryTest1_Static/BoundaryTest_decision-18/annotated/randomProcessModel177_annotated1.bpmn;null;null;null;null;null;;1;1;1;null;1;1;1;null;34.0;34.0;34.0;null;null;null;1.36317E-4;5.7035E-5;1.93352E-4;1.60653E-4;5.407E-5;2.14723E-4;6.38199E-4;8.2826E-5;7.21025E-4;23.0;23.0;18;1.0;1.2777777777777777;1.2777777777777777;18;0;78;116;54;3.0;6;1.0;262144;0;0
randomProcessModel180_annotated1.bpmn;/home/necmic/Onedrive/Desktop/EvaluationSetup/Test1_1-BoundaryTest1_Static/BoundaryTest_decision-18/annotated/randomProcessModel180_annotated1.bpmn;null;null;null;null;null;;1;1;1;null;1;1;1;null;32.0;32.0;32.0;null;null;null;2.84551E-4;1.26705E-4;4.11256E-4;2.15059E-4;1.00126E-4;3.15185E-4;3.88342E-4;5.4381E-5;4.42723E-4;23.0;23.0;18;1.0;1.2777777777777777;1.2777777777777777;18;0;78;116;54;3.0;6;1.0;262144;0;0
randomProcessModel172_annotated1.bpmn;/home/necmic/Onedrive/Desktop/EvaluationSetup/Test1_1-BoundaryTest1_Static/BoundaryTest_decision-18/annotated/randomProcessModel172_annotated1.bpmn;null;null;null;null;null;;1;1;1;null;1;1;1;null;32.0;32.0;32.0;null;null;null;1.7983E-4;9.3749E-5;2.73579E-4;1.56859E-4;5.1785E-5;2.08644E-4;9.49298E-4;1.15195E-4;0.001064493;23.0;23.0;18;1.0;1.2777777777777777;1.2777777777777777;18;0;78;116;54;3.0;6;1.0;262144;0;0
randomProcessModel176_annotated1.bpmn;/home/necmic/Onedrive/Desktop/EvaluationSetup/Test1_1-BoundaryTest1_Static/BoundaryTest_decision-18/annotated/randomProcessModel176_annotated1.bpmn;null;null;null;null;null;;1;1;1;null;1;1;1;null;34.0;34.0;34.0;null;null;null;2.12585E-4;5.7736E-5;2.70321E-4;5.11584E-4;1.90697E-4;7.02281E-4;3.4909E-4;5.1896E-5;4.00986E-4;23.0;23.0;18;1.0;1.2777777777777777;1.2777777777777777;18;0;78;116;54;3.0;6;1.0;262144;0;0
randomProcessModel174_annotated1.bpmn;/home/necmic/Onedrive/Desktop/EvaluationSetup/Test1_1-BoundaryTest1_Static/BoundaryTest_decision-18/annotated/randomProcessModel174_annotated1.bpmn;null;null;null;null;null;;1;1;1;null;1;1;1;null;38.0;38.0;38.0;null;null;null;1.3737E-4;5.5452E-5;1.92822E-4;4.87621E-4;1.22425E-4;6.10046E-4;3.62474E-4;5.0203E-5;4.12677E-4;23.0;23.0;18;1.0;1.2777777777777777;1.2777777777777777;18;0;78;116;54;3.0;6;1.0;262144;0;0
randomProcessModel178_annotated1.bpmn;/home/necmic/Onedrive/Desktop/EvaluationSetup/Test1_1-BoundaryTest1_Static/BoundaryTest_decision-18/annotated/randomProcessModel178_annotated1.bpmn;null;null;null;null;null;;1;1;1;null;1;1;1;null;35.0;35.0;35.0;null;null;null;2.49131E-4;1.0569E-4;3.54821E-4;5.05768E-4;1.24858E-4;6.30626E-4;4.86838E-4;7.0339E-5;5.57177E-4;23.0;23.0;18;1.0;1.2777777777777777;1.2777777777777777;18;0;78;116;54;3.0;6;1.0;262144;0;0
randomProcessModel188_annotated1.bpmn;/home/necmic/Onedrive/Desktop/EvaluationSetup/Test1_1-BoundaryTest1_Static/BoundaryTest_decision-19/annotated/randomProcessModel188_annotated1.bpmn;null;null;null;null;null;;1;1;1;null;1;1;1;null;34.0;34.0;34.0;null;null;null;1.95482E-4;8.8512E-5;2.83994E-4;4.44716E-4;1.27695E-4;5.72411E-4;3.90142E-4;5.235E-5;4.42492E-4;25.0;25.0;19;1.0;1.3157894736842106;1.3157894736842106;19;0;82;122;57;3.0;6;1.0;524288;0;0
randomProcessModel187_annotated1.bpmn;/home/necmic/Onedrive/Desktop/EvaluationSetup/Test1_1-BoundaryTest1_Static/BoundaryTest_decision-19/annotated/randomProcessModel187_annotated1.bpmn;null;null;null;null;null;;1;1;1;null;1;1;1;null;37.0;37.0;37.0;null;null;null;1.76595E-4;6.2208E-5;2.38803E-4;3.57895E-4;1.07033E-4;4.64928E-4;3.63731E-4;5.2894E-5;4.16625E-4;25.0;25.0;19;1.0;1.3157894736842106;1.3157894736842106;19;0;82;122;57;3.0;6;1.0;524288;0;0
randomProcessModel181_annotated1.bpmn;/home/necmic/Onedrive/Desktop/EvaluationSetup/Test1_1-BoundaryTest1_Static/BoundaryTest_decision-19/annotated/randomProcessModel181_annotated1.bpmn;null;null;null;null;null;;1;1;1;null;1;1;1;null;35.0;35.0;35.0;null;null;null;2.00739E-4;9.7179E-5;2.97918E-4;2.23579E-4;7.2789E-5;2.96368E-4;4.6437E-4;5.6968E-5;5.21338E-4;25.0;25.0;19;1.0;1.3157894736842106;1.3157894736842106;19;0;82;122;57;3.0;6;1.0;524288;0;0
randomProcessModel185_annotated1.bpmn;/home/necmic/Onedrive/Desktop/EvaluationSetup/Test1_1-BoundaryTest1_Static/BoundaryTest_decision-19/annotated/randomProcessModel185_annotated1.bpmn;null;null;null;null;null;;1;1;1;null;1;1;1;null;38.0;38.0;38.0;null;null;null;1.41495E-4;7.749E-5;2.18985E-4;1.65658E-4;5.5101E-5;2.20759E-4;4.68299E-4;5.9205E-5;5.27504E-4;25.0;25.0;19;1.0;1.3157894736842106;1.3157894736842106;19;0;82;122;57;3.0;6;1.0;524288;0;0
randomProcessModel189_annotated1.bpmn;/home/necmic/Onedrive/Desktop/EvaluationSetup/Test1_1-BoundaryTest1_Static/BoundaryTest_decision-19/annotated/randomProcessModel189_annotated1.bpmn;null;null;null;null;null;;1;1;1;null;1;1;1;null;33.0;33.0;33.0;null;null;null;2.05946E-4;7.3638E-5;2.79584E-4;1.66686E-4;5.6038E-5;2.22724E-4;9.77939E-4;1.57719E-4;0.001135658;25.0;25.0;19;1.0;1.3157894736842106;1.3157894736842106;19;0;82;122;57;3.0;6;1.0;524288;0;0
randomProcessModel183_annotated1.bpmn;/home/necmic/Onedrive/Desktop/EvaluationSetup/Test1_1-BoundaryTest1_Static/BoundaryTest_decision-19/annotated/randomProcessModel183_annotated1.bpmn;null;null;null;null;null;;1;1;1;null;1;1;1;null;36.0;36.0;36.0;null;null;null;1.4058E-4;5.8525E-5;1.99105E-4;5.35711E-4;1.28599E-4;6.6431E-4;7.72815E-4;1.31972E-4;9.04787E-4;25.0;25.0;19;1.0;1.3157894736842106;1.3157894736842106;19;0;82;122;57;3.0;6;1.0;524288;0;0
randomProcessModel190_annotated1.bpmn;/home/necmic/Onedrive/Desktop/EvaluationSetup/Test1_1-BoundaryTest1_Static/BoundaryTest_decision-19/annotated/randomProcessModel190_annotated1.bpmn;null;null;null;null;null;;1;1;1;null;1;1;1;null;36.0;36.0;36.0;null;null;null;3.13625E-4;1.46435E-4;4.6006E-4;2.9243E-4;7.1576E-5;3.64006E-4;4.12397E-4;5.819E-5;4.70587E-4;25.0;25.0;19;1.0;1.3157894736842106;1.3157894736842106;19;0;82;122;57;3.0;6;1.0;524288;0;0
randomProcessModel186_annotated1.bpmn;/home/necmic/Onedrive/Desktop/EvaluationSetup/Test1_1-BoundaryTest1_Static/BoundaryTest_decision-19/annotated/randomProcessModel186_annotated1.bpmn;null;null;null;null;null;;1;1;1;null;1;1;1;null;34.0;34.0;34.0;null;null;null;1.69439E-4;5.9163E-5;2.28602E-4;4.84858E-4;1.60329E-4;6.45187E-4;4.34342E-4;7.7141E-5;5.11483E-4;25.0;25.0;19;1.0;1.3157894736842106;1.3157894736842106;19;0;82;122;57;3.0;6;1.0;524288;0;0
randomProcessModel182_annotated1.bpmn;/home/necmic/Onedrive/Desktop/EvaluationSetup/Test1_1-BoundaryTest1_Static/BoundaryTest_decision-19/annotated/randomProcessModel182_annotated1.bpmn;null;null;null;null;null;;1;1;1;null;1;1;1;null;37.0;37.0;37.0;null;null;null;3.14002E-4;1.15051E-4;4.29053E-4;4.55527E-4;1.28668E-4;5.84195E-4;3.92603E-4;5.3321E-5;4.45924E-4;25.0;25.0;19;1.0;1.3157894736842106;1.3157894736842106;19;0;82;122;57;3.0;6;1.0;524288;0;0
randomProcessModel184_annotated1.bpmn;/home/necmic/Onedrive/Desktop/EvaluationSetup/Test1_1-BoundaryTest1_Static/BoundaryTest_decision-19/annotated/randomProcessModel184_annotated1.bpmn;null;null;null;null;null;;1;1;1;null;1;1;1;null;35.0;35.0;35.0;null;null;null;2.12164E-4;8.2115E-5;2.94279E-4;2.21662E-4;5.6514E-5;2.78176E-4;4.77457E-4;7.1945E-5;5.49402E-4;25.0;25.0;19;1.0;1.3157894736842106;1.3157894736842106;19;0;82;122;57;3.0;6;1.0;524288;0;0
randomProcessModel198_annotated1.bpmn;/home/necmic/Onedrive/Desktop/EvaluationSetup/Test1_1-BoundaryTest1_Static/BoundaryTest_decision-20/annotated/randomProcessModel198_annotated1.bpmn;null;null;null;null;null;;1;1;1;null;1;1;1;null;35.0;35.0;35.0;null;null;null;1.37298E-4;7.5234E-5;2.12532E-4;1.93219E-4;8.2012E-5;2.75231E-4;4.58831E-4;6.4412E-5;5.23243E-4;26.0;26.0;20;1.0;1.3;1.3;20;0;86;128;60;3.0;6;1.0;1048576;0;0
randomProcessModel192_annotated1.bpmn;/home/necmic/Onedrive/Desktop/EvaluationSetup/Test1_1-BoundaryTest1_Static/BoundaryTest_decision-20/annotated/randomProcessModel192_annotated1.bpmn;null;null;null;null;null;;1;1;1;null;1;1;1;null;39.0;39.0;39.0;null;null;null;1.67341E-4;7.9337E-5;2.46678E-4;1.77768E-4;6.2426E-5;2.40194E-4;7.45446E-4;1.3398E-4;8.79426E-4;26.0;26.0;20;1.0;1.3;1.3;20;0;86;128;60;3.0;6;1.0;1048576;0;0
randomProcessModel194_annotated1.bpmn;/home/necmic/Onedrive/Desktop/EvaluationSetup/Test1_1-BoundaryTest1_Static/BoundaryTest_decision-20/annotated/randomProcessModel194_annotated1.bpmn;null;null;null;null;null;;1;1;1;null;1;1;1;null;40.0;40.0;40.0;null;null;null;1.34678E-4;6.0238E-5;1.94916E-4;3.02333E-4;1.13104E-4;4.15437E-4;6.91226E-4;5.5815E-5;7.47041E-4;26.0;26.0;20;1.0;1.3;1.3;20;0;86;128;60;3.0;6;1.0;1048576;0;0
randomProcessModel191_annotated1.bpmn;/home/necmic/Onedrive/Desktop/EvaluationSetup/Test1_1-BoundaryTest1_Static/BoundaryTest_decision-20/annotated/randomProcessModel191_annotated1.bpmn;null;null;null;null;null;;1;1;1;null;1;1;1;null;39.0;39.0;39.0;null;null;null;1.57377E-4;5.7543E-5;2.1492E-4;1.86492E-4;6.6167E-5;2.52659E-4;8.20215E-4;1.06676E-4;9.26891E-4;26.0;26.0;20;1.0;1.3;1.3;20;0;86;128;60;3.0;6;1.0;1048576;0;0
randomProcessModel199_annotated1.bpmn;/home/necmic/Onedrive/Desktop/EvaluationSetup/Test1_1-BoundaryTest1_Static/BoundaryTest_decision-20/annotated/randomProcessModel199_annotated1.bpmn;null;null;null;null;null;;1;1;1;null;1;1;1;null;39.0;39.0;39.0;null;null;null;2.50421E-4;1.15342E-4;3.65763E-4;1.69161E-4;5.9323E-5;2.28484E-4;4.62648E-4;5.5872E-5;5.1852E-4;26.0;26.0;20;1.0;1.3;1.3;20;0;86;128;60;3.0;6;1.0;1048576;0;0
randomProcessModel195_annotated1.bpmn;/home/necmic/Onedrive/Desktop/EvaluationSetup/Test1_1-BoundaryTest1_Static/BoundaryTest_decision-20/annotated/randomProcessModel195_annotated1.bpmn;null;null;null;null;null;;1;1;1;null;1;1;1;null;36.0;36.0;36.0;null;null;null;2.03536E-4;7.024E-5;2.73776E-4;2.08403E-4;7.3049E-5;2.81452E-4;5.43736E-4;9.3381E-5;6.37117E-4;26.0;26.0;20;1.0;1.3;1.3;20;0;86;128;60;3.0;6;1.0;1048576;0;0
randomProcessModel200_annotated1.bpmn;/home/necmic/Onedrive/Desktop/EvaluationSetup/Test1_1-BoundaryTest1_Static/BoundaryTest_decision-20/annotated/randomProcessModel200_annotated1.bpmn;null;null;null;null;null;;1;1;1;null;1;1;1;null;35.0;35.0;35.0;null;null;null;1.63309E-4;6.4857E-5;2.28166E-4;2.44635E-4;8.5757E-5;3.30392E-4;8.08308E-4;3.8797E-4;0.001196278;26.0;26.0;20;1.0;1.3;1.3;20;0;86;128;60;3.0;6;1.0;1048576;0;0
randomProcessModel193_annotated1.bpmn;/home/necmic/Onedrive/Desktop/EvaluationSetup/Test1_1-BoundaryTest1_Static/BoundaryTest_decision-20/annotated/randomProcessModel193_annotated1.bpmn;null;null;null;null;null;;1;1;1;null;1;1;1;null;34.0;34.0;34.0;null;null;null;1.34029E-4;6.0775E-5;1.94804E-4;3.22465E-4;3.16403E-4;6.38868E-4;8.3412E-4;1.31488E-4;9.65608E-4;26.0;26.0;20;1.0;1.3;1.3;20;0;86;128;60;3.0;6;1.0;1048576;0;0
randomProcessModel197_annotated1.bpmn;/home/necmic/Onedrive/Desktop/EvaluationSetup/Test1_1-BoundaryTest1_Static/BoundaryTest_decision-20/annotated/randomProcessModel197_annotated1.bpmn;null;null;null;null;null;;1;1;1;null;1;1;1;null;35.0;35.0;35.0;null;null;null;5.43615E-4;2.00863E-4;7.44478E-4;1.77281E-4;6.0566E-5;2.37847E-4;3.90376E-4;5.7593E-5;4.47969E-4;26.0;26.0;20;1.0;1.3;1.3;20;0;86;128;60;3.0;6;1.0;1048576;0;0
randomProcessModel196_annotated1.bpmn;/home/necmic/Onedrive/Desktop/EvaluationSetup/Test1_1-BoundaryTest1_Static/BoundaryTest_decision-20/annotated/randomProcessModel196_annotated1.bpmn;null;null;null;null;null;;1;1;1;null;1;1;1;null;38.0;38.0;38.0;null;null;null;1.56753E-4;1.08976E-4;2.65729E-4;3.28823E-4;1.13112E-4;4.41935E-4;3.87884E-4;5.5503E-5;4.43387E-4;26.0;26.0;20;1.0;1.3;1.3;20;0;86;128;60;3.0;6;1.0;1048576;0;0
randomProcessModel207_annotated1.bpmn;/home/necmic/Onedrive/Desktop/EvaluationSetup/Test1_1-BoundaryTest1_Static/BoundaryTest_decision-21/annotated/randomProcessModel207_annotated1.bpmn;null;null;null;null;null;;1;1;1;null;1;1;1;null;37.0;37.0;37.0;null;null;null;2.66367E-4;1.1933E-4;3.85697E-4;1.82332E-4;6.2166E-5;2.44498E-4;4.65892E-4;6.6237E-5;5.32129E-4;27.0;27.0;21;1.0;1.2857142857142858;1.2857142857142858;21;0;90;134;63;3.0;6;1.0;2097152;0;0
randomProcessModel203_annotated1.bpmn;/home/necmic/Onedrive/Desktop/EvaluationSetup/Test1_1-BoundaryTest1_Static/BoundaryTest_decision-21/annotated/randomProcessModel203_annotated1.bpmn;null;null;null;null;null;;1;1;1;null;1;1;1;null;40.0;40.0;40.0;null;null;null;2.49998E-4;1.16559E-4;3.66557E-4;2.64565E-4;6.8178E-5;3.32743E-4;6.65625E-4;1.05597E-4;7.71222E-4;27.0;27.0;21;1.0;1.2857142857142858;1.2857142857142858;21;0;90;134;63;3.0;6;1.0;2097152;0;0
