fileName;pathToFile;logging;exceptionExhaustive;exceptionBaseHeuristic;exceptionIncrementalHeuristic;exceptionAdvancedHeuristic;totalAmountSolutionsExhaustive;totalAmountSolutionsBaseHeuristic;totalAmountSolutionsIncrementalHeuristic;totalAmountSolutionsAdvancedHeuristic;amountCheapestSolutionsExhaustive;amountCheapestSolutionsBaseHeuristic;amountSolutionsIncrementalHeuristic;amountCheapestSolutionsAdvancedHeuristic;costCheapestSolutionExhaustive;costCheapestSolutionBaseHeuristic;costCheapestSolutionIncrementalHeuristic;costCheapestSolutionAdvancedHeuristic;exhaustiveCombsGenInSec;exhaustiveCalcMeasureInSec;exhaustiveExecutionTimeInSec;baseHeuristicCombsGenInSec;baseHeuristicCalcMeasureInSec;baseHeuristicExecutionTimeInSec;incrementalHeuristicCombsGenInSec;incrementalHeuristicCalcMeasureInSec;incrementalHeuristicExecutionTimeInSec;advancedHeuristicCombsGenInSec;advancedHeuristicCalcMeasureInSec;advancedHeuristicExecutionTimeInSec;amountReaders;amountWriters;amountDataObjects;averageAmountDataObjectsPerDecision;amountReadersPerDataObject;amountWritersPerDataObject;amountExclusiveGateways;amountParallelGateways;amountTasks;amountElements;amountSumAddActors;averageAmountAddActors;privateSphereSize;averageSphereSum;pathsThroughProcess;amountMandConst;amountExclConst
randomProcessModel228_annotated1.bpmn;/home/necmic/Onedrive/Desktop/EvaluationSetup/Test1_1-BoundaryTest1_Weak-Dynamic/BoundaryTest_decision-1/annotated/randomProcessModel228_annotated1.bpmn;null;null;null;null;null;10;1;1;1;6;1;1;1;4.0;4.0;4.0;4.0;0.001118448;0.001061116;0.002179564;2.95564E-4;3.554E-5;3.31104E-4;2.57055E-4;3.8036E-5;2.95091E-4;1.59619E-4;3.2102E-5;1.91721E-4;2.0;3.0;1;1.0;2.0;3.0;1;0;10;14;3;3.0;6;2.0;2;0;0
randomProcessModel230_annotated1.bpmn;/home/necmic/Onedrive/Desktop/EvaluationSetup/Test1_1-BoundaryTest1_Weak-Dynamic/BoundaryTest_decision-1/annotated/randomProcessModel230_annotated1.bpmn;null;null;null;null;null;10;1;1;1;1;1;1;1;1.0;1.0;1.0;1.0;8.9845E-5;9.8302E-5;1.88147E-4;1.44281E-4;3.3724E-5;1.78005E-4;2.82324E-4;7.7881E-5;3.60205E-4;1.3079E-4;3.4824E-5;1.65614E-4;2.0;3.0;1;1.0;2.0;3.0;1;0;10;14;3;3.0;6;2.0;2;0;0
randomProcessModel221_annotated1.bpmn;/home/necmic/Onedrive/Desktop/EvaluationSetup/Test1_1-BoundaryTest1_Weak-Dynamic/BoundaryTest_decision-1/annotated/randomProcessModel221_annotated1.bpmn;null;null;null;null;null;10;1;1;1;1;1;1;1;1.0;1.0;1.0;1.0;9.1928E-5;1.09523E-4;2.01451E-4;1.23152E-4;3.4018E-5;1.5717E-4;1.25296E-4;3.4642E-5;1.59938E-4;1.96484E-4;5.2754E-5;2.49238E-4;2.0;3.0;1;1.0;2.0;3.0;1;0;10;14;3;3.0;6;2.0;2;0;0
randomProcessModel229_annotated1.bpmn;/home/necmic/Onedrive/Desktop/EvaluationSetup/Test1_1-BoundaryTest1_Weak-Dynamic/BoundaryTest_decision-1/annotated/randomProcessModel229_annotated1.bpmn;null;null;null;null;null;10;1;1;1;3;1;1;1;3.0;3.0;3.0;3.0;1.55491E-4;2.11582E-4;3.67073E-4;1.27741E-4;3.3733E-5;1.61474E-4;1.67556E-4;3.6472E-5;2.04028E-4;2.03001E-4;4.5243E-5;2.48244E-4;2.0;3.0;1;1.0;2.0;3.0;1;0;10;14;3;3.0;6;2.0;2;0;0
randomProcessModel226_annotated1.bpmn;/home/necmic/Onedrive/Desktop/EvaluationSetup/Test1_1-BoundaryTest1_Weak-Dynamic/BoundaryTest_decision-1/annotated/randomProcessModel226_annotated1.bpmn;null;null;null;null;null;10;1;1;1;1;1;1;1;2.0;2.0;2.0;2.0;1.65788E-4;2.1577E-4;3.81558E-4;1.88166E-4;6.1867E-5;2.50033E-4;1.657E-4;3.5309E-5;2.01009E-4;2.11627E-4;6.6205E-5;2.77832E-4;2.0;3.0;1;1.0;2.0;3.0;1;0;10;14;3;3.0;6;2.0;2;0;0
randomProcessModel227_annotated1.bpmn;/home/necmic/Onedrive/Desktop/EvaluationSetup/Test1_1-BoundaryTest1_Weak-Dynamic/BoundaryTest_decision-1/annotated/randomProcessModel227_annotated1.bpmn;null;null;null;null;null;10;1;1;1;1;1;1;1;2.0;2.0;2.0;2.0;1.97318E-4;1.15227E-4;3.12545E-4;1.51511E-4;5.679E-5;2.08301E-4;1.16141E-4;3.744E-5;1.53581E-4;1.53659E-4;6.8895E-5;2.22554E-4;2.0;3.0;1;1.0;2.0;3.0;1;0;10;14;3;3.0;6;2.0;2;0;0
randomProcessModel225_annotated1.bpmn;/home/necmic/Onedrive/Desktop/EvaluationSetup/Test1_1-BoundaryTest1_Weak-Dynamic/BoundaryTest_decision-1/annotated/randomProcessModel225_annotated1.bpmn;null;null;null;null;null;10;1;1;1;2;1;1;1;1.0;1.0;1.0;1.0;8.291E-5;1.05777E-4;1.88687E-4;2.79331E-4;1.01279E-4;3.8061E-4;1.25621E-4;3.2775E-5;1.58396E-4;1.23562E-4;1.87663E-4;3.11225E-4;2.0;3.0;1;1.0;2.0;3.0;1;0;10;14;3;3.0;6;2.0;2;0;0
randomProcessModel223_annotated1.bpmn;/home/necmic/Onedrive/Desktop/EvaluationSetup/Test1_1-BoundaryTest1_Weak-Dynamic/BoundaryTest_decision-1/annotated/randomProcessModel223_annotated1.bpmn;null;null;null;null;null;10;1;1;1;1;1;1;1;1.0;1.0;1.0;1.0;8.5621E-5;9.0525E-5;1.76146E-4;1.09219E-4;3.112E-5;1.40339E-4;1.39635E-4;3.7858E-5;1.77493E-4;1.18109E-4;3.9815E-5;1.57924E-4;2.0;3.0;1;1.0;2.0;3.0;1;0;10;14;3;3.0;6;2.0;2;0;0
randomProcessModel222_annotated1.bpmn;/home/necmic/Onedrive/Desktop/EvaluationSetup/Test1_1-BoundaryTest1_Weak-Dynamic/BoundaryTest_decision-1/annotated/randomProcessModel222_annotated1.bpmn;null;null;null;null;null;10;1;1;1;3;1;1;1;2.0;2.0;2.0;2.0;2.15889E-4;2.31077E-4;4.46966E-4;1.22513E-4;4.756E-5;1.70073E-4;1.23196E-4;2.8557E-5;1.51753E-4;1.65137E-4;4.4079E-5;2.09216E-4;2.0;3.0;1;1.0;2.0;3.0;1;0;10;14;3;3.0;6;2.0;2;0;0
randomProcessModel224_annotated1.bpmn;/home/necmic/Onedrive/Desktop/EvaluationSetup/Test1_1-BoundaryTest1_Weak-Dynamic/BoundaryTest_decision-1/annotated/randomProcessModel224_annotated1.bpmn;null;null;null;null;null;10;1;1;1;1;1;1;1;2.0;2.0;2.0;2.0;2.273E-4;2.81714E-4;5.09014E-4;1.44741E-4;3.5612E-5;1.80353E-4;1.33436E-4;5.0222E-5;1.83658E-4;1.55572E-4;2.9912E-5;1.85484E-4;2.0;3.0;1;1.0;2.0;3.0;1;0;10;14;3;3.0;6;2.0;2;0;0
randomProcessModel235_annotated1.bpmn;/home/necmic/Onedrive/Desktop/EvaluationSetup/Test1_1-BoundaryTest1_Weak-Dynamic/BoundaryTest_decision-2/annotated/randomProcessModel235_annotated1.bpmn;null;null;null;null;null;100;1;1;1;60;1;1;1;10.0;10.0;10.0;10.0;1.56521E-4;6.7107E-4;8.27591E-4;2.7654E-4;5.6935E-5;3.33475E-4;2.19557E-4;5.7265E-5;2.76822E-4;2.40379E-4;9.6642E-5;3.37021E-4;2.0;4.0;2;1.0;1.0;2.0;2;0;14;20;6;3.0;6;2.0;4;0;0
randomProcessModel238_annotated1.bpmn;/home/necmic/Onedrive/Desktop/EvaluationSetup/Test1_1-BoundaryTest1_Weak-Dynamic/BoundaryTest_decision-2/annotated/randomProcessModel238_annotated1.bpmn;null;null;null;null;null;100;1;1;1;18;1;1;1;7.0;7.0;7.0;7.0;1.66671E-4;6.30522E-4;7.97193E-4;3.16547E-4;5.4956E-5;3.71503E-4;2.05634E-4;2.7088E-5;2.32722E-4;3.55739E-4;4.5261E-5;4.01E-4;2.0;4.0;2;1.0;1.0;2.0;2;0;14;20;6;3.0;6;2.0;4;0;0
randomProcessModel239_annotated1.bpmn;/home/necmic/Onedrive/Desktop/EvaluationSetup/Test1_1-BoundaryTest1_Weak-Dynamic/BoundaryTest_decision-2/annotated/randomProcessModel239_annotated1.bpmn;null;null;null;null;null;100;1;1;1;9;1;1;1;6.0;6.0;6.0;6.0;1.28395E-4;5.71307E-4;6.99702E-4;2.18948E-4;2.5952E-5;2.449E-4;7.15371E-4;3.0882E-5;7.46253E-4;2.0461E-4;2.3894E-5;2.28504E-4;2.0;4.0;2;1.0;1.0;2.0;2;0;14;20;6;3.0;6;2.0;4;0;0
randomProcessModel234_annotated1.bpmn;/home/necmic/Onedrive/Desktop/EvaluationSetup/Test1_1-BoundaryTest1_Weak-Dynamic/BoundaryTest_decision-2/annotated/randomProcessModel234_annotated1.bpmn;null;null;null;null;null;100;1;1;1;6;1;1;1;6.0;6.0;6.0;6.0;1.50368E-4;6.7389E-4;8.24258E-4;1.72655E-4;2.7435E-5;2.0009E-4;2.19703E-4;3.1203E-5;2.50906E-4;1.97084E-4;4.504E-5;2.42124E-4;2.0;4.0;2;1.0;1.0;2.0;2;0;14;20;6;3.0;6;2.0;4;0;0
randomProcessModel236_annotated1.bpmn;/home/necmic/Onedrive/Desktop/EvaluationSetup/Test1_1-BoundaryTest1_Weak-Dynamic/BoundaryTest_decision-2/annotated/randomProcessModel236_annotated1.bpmn;null;null;null;null;null;100;1;1;1;18;1;1;1;7.0;7.0;7.0;7.0;1.4325E-4;6.28597E-4;7.71847E-4;1.87921E-4;2.5958E-5;2.13879E-4;1.94236E-4;2.5929E-5;2.20165E-4;5.61869E-4;4.8461E-5;6.1033E-4;2.0;4.0;2;1.0;1.0;2.0;2;0;14;20;6;3.0;6;2.0;4;0;0
randomProcessModel233_annotated1.bpmn;/home/necmic/Onedrive/Desktop/EvaluationSetup/Test1_1-BoundaryTest1_Weak-Dynamic/BoundaryTest_decision-2/annotated/randomProcessModel233_annotated1.bpmn;null;null;null;null;null;100;1;1;1;18;1;1;1;7.0;7.0;7.0;7.0;1.37913E-4;5.97043E-4;7.34956E-4;2.32871E-4;2.8479E-5;2.6135E-4;5.92538E-4;8.6459E-5;6.78997E-4;1.97444E-4;3.1407E-5;2.28851E-4;2.0;4.0;2;1.0;1.0;2.0;2;0;14;20;6;3.0;6;2.0;4;0;0
randomProcessModel240_annotated1.bpmn;/home/necmic/Onedrive/Desktop/EvaluationSetup/Test1_1-BoundaryTest1_Weak-Dynamic/BoundaryTest_decision-2/annotated/randomProcessModel240_annotated1.bpmn;null;null;null;null;null;100;1;1;1;6;1;1;1;6.0;6.0;6.0;6.0;3.41035E-4;0.001416145;0.00175718;2.06265E-4;3.0246E-5;2.36511E-4;2.41164E-4;4.5716E-5;2.8688E-4;2.65842E-4;3.0952E-5;2.96794E-4;2.0;4.0;2;1.0;1.0;2.0;2;0;14;20;6;3.0;6;2.0;4;0;0
randomProcessModel231_annotated1.bpmn;/home/necmic/Onedrive/Desktop/EvaluationSetup/Test1_1-BoundaryTest1_Weak-Dynamic/BoundaryTest_decision-2/annotated/randomProcessModel231_annotated1.bpmn;null;null;null;null;null;100;1;1;1;6;1;1;1;7.0;7.0;7.0;7.0;3.98513E-4;7.47911E-4;0.001146424;2.06381E-4;2.7594E-5;2.33975E-4;2.41375E-4;3.2201E-5;2.73576E-4;2.45554E-4;2.9034E-5;2.74588E-4;2.0;4.0;2;1.0;1.0;2.0;2;0;14;20;6;3.0;6;2.0;4;0;0
randomProcessModel232_annotated1.bpmn;/home/necmic/Onedrive/Desktop/EvaluationSetup/Test1_1-BoundaryTest1_Weak-Dynamic/BoundaryTest_decision-2/annotated/randomProcessModel232_annotated1.bpmn;null;null;null;null;null;100;1;1;1;36;1;1;1;10.0;10.0;10.0;10.0;1.98773E-4;6.9497E-4;8.93743E-4;1.89903E-4;2.602E-5;2.15923E-4;2.03237E-4;3.1648E-5;2.34885E-4;2.39905E-4;2.9065E-5;2.6897E-4;2.0;4.0;2;1.0;1.0;2.0;2;0;14;20;6;3.0;6;2.0;4;0;0
randomProcessModel237_annotated1.bpmn;/home/necmic/Onedrive/Desktop/EvaluationSetup/Test1_1-BoundaryTest1_Weak-Dynamic/BoundaryTest_decision-2/annotated/randomProcessModel237_annotated1.bpmn;null;null;null;null;null;100;1;1;1;18;1;1;1;9.0;9.0;9.0;9.0;1.35967E-4;6.95899E-4;8.31866E-4;2.3103E-4;3.1874E-5;2.62904E-4;2.01036E-4;4.3645E-5;2.44681E-4;8.72893E-4;5.2798E-5;9.25691E-4;2.0;4.0;2;1.0;1.0;2.0;2;0;14;20;6;3.0;6;2.0;4;0;0
randomProcessModel247_annotated1.bpmn;/home/necmic/Onedrive/Desktop/EvaluationSetup/Test1_1-BoundaryTest1_Weak-Dynamic/BoundaryTest_decision-3/annotated/randomProcessModel247_annotated1.bpmn;null;null;null;null;null;1000;1;1;1;18;1;1;1;8.5;8.5;8.5;8.5;5.18845E-4;0.022213037;0.022731882;6.92987E-4;5.3852E-5;7.46839E-4;4.1233E-4;3.5869E-5;4.48199E-4;4.37766E-4;3.8437E-5;4.76203E-4;5.0;5.0;3;1.0;1.6666666666666667;1.6666666666666667;3;0;18;26;9;3.0;6;2.0;8;0;0
randomProcessModel249_annotated1.bpmn;/home/necmic/Onedrive/Desktop/EvaluationSetup/Test1_1-BoundaryTest1_Weak-Dynamic/BoundaryTest_decision-3/annotated/randomProcessModel249_annotated1.bpmn;null;null;null;null;null;1000;1;1;1;108;1;1;1;11.0;11.0;11.0;11.0;4.99177E-4;0.017591306;0.018090483;5.1064E-4;4.7968E-5;5.58608E-4;4.89668E-4;4.8961E-5;5.38629E-4;5.06132E-4;4.4534E-5;5.50666E-4;5.0;5.0;3;1.0;1.6666666666666667;1.6666666666666667;3;0;18;26;9;3.0;6;2.0;8;0;0
randomProcessModel246_annotated1.bpmn;/home/necmic/Onedrive/Desktop/EvaluationSetup/Test1_1-BoundaryTest1_Weak-Dynamic/BoundaryTest_decision-3/annotated/randomProcessModel246_annotated1.bpmn;null;null;null;null;null;1000;1;1;1;108;1;1;1;11.5;11.5;11.5;11.5;4.6485E-4;0.010600653;0.011065503;4.67493E-4;3.139E-5;4.98883E-4;7.87793E-4;5.4902E-5;8.42695E-4;9.47029E-4;1.08978E-4;0.001056007;5.0;5.0;3;1.0;1.6666666666666667;1.6666666666666667;3;0;18;26;9;3.0;6;2.0;8;0;0
randomProcessModel248_annotated1.bpmn;/home/necmic/Onedrive/Desktop/EvaluationSetup/Test1_1-BoundaryTest1_Weak-Dynamic/BoundaryTest_decision-3/annotated/randomProcessModel248_annotated1.bpmn;null;null;null;null;null;1000;1;1;1;60;1;1;1;11.5;11.5;11.5;11.5;5.92403E-4;0.015427418;0.016019821;6.4677E-4;1.34213E-4;7.80983E-4;7.25409E-4;5.0526E-5;7.75935E-4;6.50152E-4;5.4696E-5;7.04848E-4;5.0;5.0;3;1.0;1.6666666666666667;1.6666666666666667;3;0;18;26;9;3.0;6;2.0;8;0;0
randomProcessModel245_annotated1.bpmn;/home/necmic/Onedrive/Desktop/EvaluationSetup/Test1_1-BoundaryTest1_Weak-Dynamic/BoundaryTest_decision-3/annotated/randomProcessModel245_annotated1.bpmn;null;null;null;null;null;1000;1;1;1;216;1;1;1;13.5;13.5;13.5;13.5;3.36311E-4;0.006621931;0.006958242;5.01936E-4;3.813E-5;5.40066E-4;3.55108E-4;2.7931E-5;3.83039E-4;0.001116557;7.6818E-5;0.001193375;5.0;5.0;3;1.0;1.6666666666666667;1.6666666666666667;3;0;18;26;9;3.0;6;2.0;8;0;0
randomProcessModel244_annotated1.bpmn;/home/necmic/Onedrive/Desktop/EvaluationSetup/Test1_1-BoundaryTest1_Weak-Dynamic/BoundaryTest_decision-3/annotated/randomProcessModel244_annotated1.bpmn;null;null;null;null;null;1000;1;1;1;360;1;1;1;15.0;15.0;15.0;15.0;4.93489E-4;0.012721989;0.013215478;5.79729E-4;3.8685E-5;6.18414E-4;5.47129E-4;4.0833E-5;5.87962E-4;6.48227E-4;3.4373E-5;6.826E-4;5.0;5.0;3;1.0;1.6666666666666667;1.6666666666666667;3;0;18;26;9;3.0;6;2.0;8;0;0
randomProcessModel243_annotated1.bpmn;/home/necmic/Onedrive/Desktop/EvaluationSetup/Test1_1-BoundaryTest1_Weak-Dynamic/BoundaryTest_decision-3/annotated/randomProcessModel243_annotated1.bpmn;null;null;null;null;null;1000;1;1;1;54;1;1;1;10.0;10.0;10.0;10.0;2.93584E-4;0.006970674;0.007264258;3.87279E-4;3.97E-5;4.26979E-4;9.53031E-4;5.2611E-5;0.001005642;3.51239E-4;2.5651E-5;3.7689E-4;5.0;5.0;3;1.0;1.6666666666666667;1.6666666666666667;3;0;18;26;9;3.0;6;2.0;8;0;0
randomProcessModel242_annotated1.bpmn;/home/necmic/Onedrive/Desktop/EvaluationSetup/Test1_1-BoundaryTest1_Weak-Dynamic/BoundaryTest_decision-3/annotated/randomProcessModel242_annotated1.bpmn;null;null;null;null;null;1000;1;1;1;216;1;1;1;12.0;12.0;12.0;12.0;2.64641E-4;0.005476491;0.005741132;3.05966E-4;2.4004E-5;3.2997E-4;3.0768E-4;2.7534E-5;3.35214E-4;3.7908E-4;2.2157E-5;4.01237E-4;5.0;5.0;3;1.0;1.6666666666666667;1.6666666666666667;3;0;18;26;9;3.0;6;2.0;8;0;0
randomProcessModel250_annotated1.bpmn;/home/necmic/Onedrive/Desktop/EvaluationSetup/Test1_1-BoundaryTest1_Weak-Dynamic/BoundaryTest_decision-3/annotated/randomProcessModel250_annotated1.bpmn;null;null;null;null;null;1000;1;1;1;9;1;1;1;6.0;6.0;6.0;6.0;4.89203E-4;0.006116647;0.00660585;3.92476E-4;2.6416E-5;4.18892E-4;3.4185E-4;3.1911E-5;3.73761E-4;4.25615E-4;2.3885E-5;4.495E-4;5.0;5.0;3;1.0;1.6666666666666667;1.6666666666666667;3;0;18;26;9;3.0;6;2.0;8;0;0
randomProcessModel241_annotated1.bpmn;/home/necmic/Onedrive/Desktop/EvaluationSetup/Test1_1-BoundaryTest1_Weak-Dynamic/BoundaryTest_decision-3/annotated/randomProcessModel241_annotated1.bpmn;null;null;null;null;null;1000;1;1;1;27;1;1;1;8.0;8.0;8.0;8.0;3.05491E-4;0.00591522;0.006220711;2.83007E-4;2.2628E-5;3.05635E-4;3.32446E-4;2.6111E-5;3.58557E-4;3.86526E-4;2.3752E-5;4.10278E-4;5.0;5.0;3;1.0;1.6666666666666667;1.6666666666666667;3;0;18;26;9;3.0;6;2.0;8;0;0
randomProcessModel254_annotated1.bpmn;/home/necmic/Onedrive/Desktop/EvaluationSetup/Test1_1-BoundaryTest1_Weak-Dynamic/BoundaryTest_decision-4/annotated/randomProcessModel254_annotated1.bpmn;null;null;null;null;null;10000;1;1;1;54;1;1;1;10.0;10.0;10.0;10.0;0.001755628;0.107165388;0.108921016;7.22891E-4;3.1482E-5;7.54373E-4;0.001053918;4.7352E-5;0.00110127;6.72096E-4;2.9566E-5;7.01662E-4;7.0;7.0;4;1.0;1.75;1.75;4;0;22;32;12;3.0;6;2.0;16;0;0
randomProcessModel258_annotated1.bpmn;/home/necmic/Onedrive/Desktop/EvaluationSetup/Test1_1-BoundaryTest1_Weak-Dynamic/BoundaryTest_decision-4/annotated/randomProcessModel258_annotated1.bpmn;null;null;null;null;null;10000;1;1;1;648;1;1;1;16.5;16.5;16.5;16.5;0.001880986;0.093685659;0.095566645;5.47563E-4;2.7775E-5;5.75338E-4;6.63873E-4;3.3882E-5;6.97755E-4;6.36426E-4;2.6928E-5;6.63354E-4;7.0;7.0;4;1.0;1.75;1.75;4;0;22;32;12;3.0;6;2.0;16;0;0
randomProcessModel260_annotated1.bpmn;/home/necmic/Onedrive/Desktop/EvaluationSetup/Test1_1-BoundaryTest1_Weak-Dynamic/BoundaryTest_decision-4/annotated/randomProcessModel260_annotated1.bpmn;null;null;null;null;null;10000;1;1;1;54;1;1;1;10.0;10.0;10.0;10.0;0.001812134;0.086748286;0.08856042;6.37946E-4;2.8047E-5;6.65993E-4;7.32743E-4;4.5044E-5;7.77787E-4;7.43785E-4;3.0915E-5;7.747E-4;7.0;7.0;4;1.0;1.75;1.75;4;0;22;32;12;3.0;6;2.0;16;0;0
randomProcessModel252_annotated1.bpmn;/home/necmic/Onedrive/Desktop/EvaluationSetup/Test1_1-BoundaryTest1_Weak-Dynamic/BoundaryTest_decision-4/annotated/randomProcessModel252_annotated1.bpmn;null;null;null;null;null;10000;1;1;1;108;1;1;1;11.0;11.0;11.0;11.0;0.001678737;0.085397481;0.087076218;0.00119114;4.7925E-5;0.001239065;6.79081E-4;3.1679E-5;7.1076E-4;6.6395E-4;2.8672E-5;6.92622E-4;7.0;7.0;4;1.0;1.75;1.75;4;0;22;32;12;3.0;6;2.0;16;0;0
randomProcessModel256_annotated1.bpmn;/home/necmic/Onedrive/Desktop/EvaluationSetup/Test1_1-BoundaryTest1_Weak-Dynamic/BoundaryTest_decision-4/annotated/randomProcessModel256_annotated1.bpmn;null;null;null;null;null;10000;1;1;1;180;1;1;1;14.0;14.0;14.0;14.0;0.001505767;0.082320772;0.083826539;5.9606E-4;2.7576E-5;6.23636E-4;6.05268E-4;2.9746E-5;6.35014E-4;8.55581E-4;2.8633E-5;8.84214E-4;7.0;7.0;4;1.0;1.75;1.75;4;0;22;32;12;3.0;6;2.0;16;0;0
randomProcessModel253_annotated1.bpmn;/home/necmic/Onedrive/Desktop/EvaluationSetup/Test1_1-BoundaryTest1_Weak-Dynamic/BoundaryTest_decision-4/annotated/randomProcessModel253_annotated1.bpmn;null;null;null;null;null;10000;1;1;1;18;1;1;1;8.0;8.0;8.0;8.0;0.001916784;0.088045198;0.089961982;7.41166E-4;2.8383E-5;7.69549E-4;5.50929E-4;2.9965E-5;5.80894E-4;6.8863E-4;2.9305E-5;7.17935E-4;7.0;7.0;4;1.0;1.75;1.75;4;0;22;32;12;3.0;6;2.0;16;0;0
randomProcessModel255_annotated1.bpmn;/home/necmic/Onedrive/Desktop/EvaluationSetup/Test1_1-BoundaryTest1_Weak-Dynamic/BoundaryTest_decision-4/annotated/randomProcessModel255_annotated1.bpmn;null;null;null;null;null;10000;1;1;1;216;1;1;1;16.5;16.5;16.5;16.5;0.001541475;0.102290156;0.103831631;6.59687E-4;3.6165E-5;6.95852E-4;6.31077E-4;3.95E-5;6.70577E-4;7.67825E-4;3.43E-5;8.02125E-4;7.0;7.0;4;1.0;1.75;1.75;4;0;22;32;12;3.0;6;2.0;16;0;0
randomProcessModel257_annotated1.bpmn;/home/necmic/Onedrive/Desktop/EvaluationSetup/Test1_1-BoundaryTest1_Weak-Dynamic/BoundaryTest_decision-4/annotated/randomProcessModel257_annotated1.bpmn;null;null;null;null;null;10000;1;1;1;216;1;1;1;15.0;15.0;15.0;15.0;0.001556926;0.10509892;0.106655846;4.98659E-4;3.0835E-5;5.29494E-4;5.0982E-4;3.2997E-5;5.42817E-4;5.38966E-4;2.9847E-5;5.68813E-4;7.0;7.0;4;1.0;1.75;1.75;4;0;22;32;12;3.0;6;2.0;16;0;0
randomProcessModel259_annotated1.bpmn;/home/necmic/Onedrive/Desktop/EvaluationSetup/Test1_1-BoundaryTest1_Weak-Dynamic/BoundaryTest_decision-4/annotated/randomProcessModel259_annotated1.bpmn;null;null;null;null;null;10000;1;1;1;90;1;1;1;12.5;12.5;12.5;12.5;0.001512413;0.093758672;0.095271085;5.53053E-4;2.9952E-5;5.83005E-4;4.7607E-4;3.1253E-5;5.07323E-4;5.24816E-4;2.8071E-5;5.52887E-4;7.0;7.0;4;1.0;1.75;1.75;4;0;22;32;12;3.0;6;2.0;16;0;0
randomProcessModel251_annotated1.bpmn;/home/necmic/Onedrive/Desktop/EvaluationSetup/Test1_1-BoundaryTest1_Weak-Dynamic/BoundaryTest_decision-4/annotated/randomProcessModel251_annotated1.bpmn;null;null;null;null;null;10000;1;1;1;648;1;1;1;16.0;16.0;16.0;16.0;0.001491064;0.085638342;0.087129406;6.53768E-4;3.0755E-5;6.84523E-4;5.60679E-4;2.8278E-5;5.88957E-4;7.53439E-4;3.1123E-5;7.84562E-4;7.0;7.0;4;1.0;1.75;1.75;4;0;22;32;12;3.0;6;2.0;16;0;0
randomProcessModel262_annotated1.bpmn;/home/necmic/Onedrive/Desktop/EvaluationSetup/Test1_1-BoundaryTest1_Weak-Dynamic/BoundaryTest_decision-5/annotated/randomProcessModel262_annotated1.bpmn;null;null;null;null;null;100000;1;1;1;648;1;1;1;17.0;17.0;17.0;17.0;0.015773323;1.121600847;1.13737417;0.001434781;3.4034E-5;0.001468815;0.001333352;3.519E-5;0.001368542;0.001180231;3.0494E-5;0.001210725;8.0;8.0;5;1.0;1.6;1.6;5;0;26;38;15;3.0;6;2.0;32;0;0
randomProcessModel265_annotated1.bpmn;/home/necmic/Onedrive/Desktop/EvaluationSetup/Test1_1-BoundaryTest1_Weak-Dynamic/BoundaryTest_decision-5/annotated/randomProcessModel265_annotated1.bpmn;null;null;null;null;null;100000;1;1;1;2160;1;1;1;20.5;20.5;20.5;20.5;0.015627453;1.190987892;1.206615345;0.00283541;6.0234E-5;0.002895644;0.001391757;4.4946E-5;0.001436703;0.001857088;5.2496E-5;0.001909584;8.0;8.0;5;1.0;1.6;1.6;5;0;26;38;15;3.0;6;2.0;32;0;0
randomProcessModel261_annotated1.bpmn;/home/necmic/Onedrive/Desktop/EvaluationSetup/Test1_1-BoundaryTest1_Weak-Dynamic/BoundaryTest_decision-5/annotated/randomProcessModel261_annotated1.bpmn;null;null;null;null;null;100000;1;1;1;1080;1;1;1;17.0;17.0;17.0;17.0;0.015564636;1.09265274;1.108217376;0.001168716;3.1871E-5;0.001200587;0.002852986;6.3598E-5;0.002916584;0.001115579;3.1117E-5;0.001146696;8.0;8.0;5;1.0;1.6;1.6;5;0;26;38;15;3.0;6;2.0;32;0;0
randomProcessModel264_annotated1.bpmn;/home/necmic/Onedrive/Desktop/EvaluationSetup/Test1_1-BoundaryTest1_Weak-Dynamic/BoundaryTest_decision-5/annotated/randomProcessModel264_annotated1.bpmn;null;null;null;null;null;100000;1;1;1;972;1;1;1;17.0;17.0;17.0;17.0;0.020439022;1.23874377;1.259182792;0.003213743;6.9394E-5;0.003283137;0.001829761;5.0565E-5;0.001880326;0.001549416;3.897E-5;0.001588386;8.0;8.0;5;1.0;1.6;1.6;5;0;26;38;15;3.0;6;2.0;32;0;0
randomProcessModel266_annotated1.bpmn;/home/necmic/Onedrive/Desktop/EvaluationSetup/Test1_1-BoundaryTest1_Weak-Dynamic/BoundaryTest_decision-5/annotated/randomProcessModel266_annotated1.bpmn;null;null;null;null;null;100000;1;1;1;648;1;1;1;17.0;17.0;17.0;17.0;0.016460639;1.216924704;1.233385343;0.001303116;3.3632E-5;0.001336748;0.001315803;5.0301E-5;0.001366104;0.001496572;3.3871E-5;0.001530443;8.0;8.0;5;1.0;1.6;1.6;5;0;26;38;15;3.0;6;2.0;32;0;0
randomProcessModel269_annotated1.bpmn;/home/necmic/Onedrive/Desktop/EvaluationSetup/Test1_1-BoundaryTest1_Weak-Dynamic/BoundaryTest_decision-5/annotated/randomProcessModel269_annotated1.bpmn;null;null;null;null;null;100000;1;1;1;4320;1;1;1;19.0;19.0;19.0;19.0;0.022785218;1.207009379;1.229794597;0.002046704;3.7695E-5;0.002084399;0.001509254;4.9899E-5;0.001559153;0.001190959;5.1133E-5;0.001242092;8.0;8.0;5;1.0;1.6;1.6;5;0;26;38;15;3.0;6;2.0;32;0;0
randomProcessModel267_annotated1.bpmn;/home/necmic/Onedrive/Desktop/EvaluationSetup/Test1_1-BoundaryTest1_Weak-Dynamic/BoundaryTest_decision-5/annotated/randomProcessModel267_annotated1.bpmn;null;null;null;null;null;100000;1;1;1;2160;1;1;1;20.0;20.0;20.0;20.0;0.01640158;1.091091371;1.107492951;0.001224311;3.565E-5;0.001259961;0.001381507;3.5786E-5;0.001417293;0.001262304;3.2435E-5;0.001294739;8.0;8.0;5;1.0;1.6;1.6;5;0;26;38;15;3.0;6;2.0;32;0;0
randomProcessModel270_annotated1.bpmn;/home/necmic/Onedrive/Desktop/EvaluationSetup/Test1_1-BoundaryTest1_Weak-Dynamic/BoundaryTest_decision-5/annotated/randomProcessModel270_annotated1.bpmn;null;null;null;null;null;100000;1;1;1;324;1;1;1;13.0;13.0;13.0;13.0;0.01696119;1.132607937;1.149569127;0.002720654;6.0121E-5;0.002780775;0.001146692;3.4357E-5;0.001181049;0.001099255;3.1365E-5;0.00113062;8.0;8.0;5;1.0;1.6;1.6;5;0;26;38;15;3.0;6;2.0;32;0;0
randomProcessModel263_annotated1.bpmn;/home/necmic/Onedrive/Desktop/EvaluationSetup/Test1_1-BoundaryTest1_Weak-Dynamic/BoundaryTest_decision-5/annotated/randomProcessModel263_annotated1.bpmn;null;null;null;null;null;100000;1;1;1;1620;1;1;1;18.0;18.0;18.0;18.0;0.016906235;1.095503628;1.112409863;0.001253644;3.3246E-5;0.00128689;0.001174268;3.0638E-5;0.001204906;0.003307237;5.5738E-5;0.003362975;8.0;8.0;5;1.0;1.6;1.6;5;0;26;38;15;3.0;6;2.0;32;0;0
randomProcessModel268_annotated1.bpmn;/home/necmic/Onedrive/Desktop/EvaluationSetup/Test1_1-BoundaryTest1_Weak-Dynamic/BoundaryTest_decision-5/annotated/randomProcessModel268_annotated1.bpmn;null;null;null;null;null;100000;1;1;1;600;1;1;1;18.0;18.0;18.0;18.0;0.022945065;1.099130956;1.122076021;0.001308268;3.2862E-5;0.00134113;0.001140506;3.3451E-5;0.001173957;0.001265596;3.2355E-5;0.001297951;8.0;8.0;5;1.0;1.6;1.6;5;0;26;38;15;3.0;6;2.0;32;0;0
randomProcessModel271_annotated1.bpmn;/home/necmic/Onedrive/Desktop/EvaluationSetup/Test1_1-BoundaryTest1_Weak-Dynamic/BoundaryTest_decision-6/annotated/randomProcessModel271_annotated1.bpmn;null;java.util.concurrent.TimeoutException;null;null;null;;1;1;1;null;1;1;1;null;20.0;20.0;20.0;0.17577463;null;null;0.002420795;3.3036E-5;0.002453831;0.002525981;3.6081E-5;0.002562062;0.002661606;3.4785E-5;0.002696391;9.0;9.0;6;1.0;1.5;1.5;6;0;30;44;18;3.0;6;2.0;64;0;0
randomProcessModel272_annotated1.bpmn;/home/necmic/Onedrive/Desktop/EvaluationSetup/Test1_1-BoundaryTest1_Weak-Dynamic/BoundaryTest_decision-6/annotated/randomProcessModel272_annotated1.bpmn;null;java.util.concurrent.TimeoutException;null;null;null;;1;1;1;null;1;1;1;null;21.5;21.5;21.5;0.174061729;null;null;0.00411779;5.4839E-5;0.004172629;0.006066889;7.9968E-5;0.006146857;0.002626553;3.3787E-5;0.00266034;9.0;9.0;6;1.0;1.5;1.5;6;0;30;44;18;3.0;6;2.0;64;0;0
randomProcessModel277_annotated1.bpmn;/home/necmic/Onedrive/Desktop/EvaluationSetup/Test1_1-BoundaryTest1_Weak-Dynamic/BoundaryTest_decision-6/annotated/randomProcessModel277_annotated1.bpmn;null;null;null;null;null;1000000;1;1;1;3888;1;1;1;18.0;18.0;18.0;18.0;0.17305608;76.638315313;76.811371393;0.00292324;3.2417E-5;0.002955657;0.00322146;3.8454E-5;0.003259914;0.003176028;3.3147E-5;0.003209175;9.0;9.0;6;1.0;1.5;1.5;6;0;30;44;18;3.0;6;2.0;64;0;0
randomProcessModel279_annotated1.bpmn;/home/necmic/Onedrive/Desktop/EvaluationSetup/Test1_1-BoundaryTest1_Weak-Dynamic/BoundaryTest_decision-6/annotated/randomProcessModel279_annotated1.bpmn;null;functionality.HeapSpaceException;null;null;null;1000000;1;1;1;null;1;1;1;null;22.0;22.0;22.0;0.176696942;130.68108143;130.857778372;0.002530627;2.8744E-5;0.002559371;0.002406191;3.1618E-5;0.002437809;0.002650937;2.9351E-5;0.002680288;9.0;9.0;6;1.0;1.5;1.5;6;0;30;44;18;3.0;6;2.0;64;0;0
randomProcessModel274_annotated1.bpmn;/home/necmic/Onedrive/Desktop/EvaluationSetup/Test1_1-BoundaryTest1_Weak-Dynamic/BoundaryTest_decision-6/annotated/randomProcessModel274_annotated1.bpmn;null;null;null;null;null;;1;1;1;null;1;1;1;null;23.0;23.0;23.0;null;null;null;0.003183323;3.3769E-5;0.003217092;0.003430522;3.5661E-5;0.003466183;0.002916901;3.044E-5;0.002947341;9.0;9.0;6;1.0;1.5;1.5;6;0;30;44;18;3.0;6;2.0;64;0;0
randomProcessModel278_annotated1.bpmn;/home/necmic/Onedrive/Desktop/EvaluationSetup/Test1_1-BoundaryTest1_Weak-Dynamic/BoundaryTest_decision-6/annotated/randomProcessModel278_annotated1.bpmn;null;null;null;null;null;;1;1;1;null;1;1;1;null;22.0;22.0;22.0;null;null;null;0.004440762;3.337E-5;0.004474132;0.003738481;3.5851E-5;0.003774332;0.003968839;3.1691E-5;0.00400053;9.0;9.0;6;1.0;1.5;1.5;6;0;30;44;18;3.0;6;2.0;64;0;0
randomProcessModel275_annotated1.bpmn;/home/necmic/Onedrive/Desktop/EvaluationSetup/Test1_1-BoundaryTest1_Weak-Dynamic/BoundaryTest_decision-6/annotated/randomProcessModel275_annotated1.bpmn;null;null;null;null;null;;1;1;1;null;1;1;1;null;19.0;19.0;19.0;null;null;null;0.002826519;4.9521E-5;0.00287604;0.00303242;3.2992E-5;0.003065412;0.00539307;3.4413E-5;0.005427483;9.0;9.0;6;1.0;1.5;1.5;6;0;30;44;18;3.0;6;2.0;64;0;0
randomProcessModel273_annotated1.bpmn;/home/necmic/Onedrive/Desktop/EvaluationSetup/Test1_1-BoundaryTest1_Weak-Dynamic/BoundaryTest_decision-6/annotated/randomProcessModel273_annotated1.bpmn;null;null;null;null;null;;1;1;1;null;1;1;1;null;23.0;23.0;23.0;null;null;null;0.002603764;4.7834E-5;0.002651598;0.002805679;3.677E-5;0.002842449;0.002574055;3.3128E-5;0.002607183;9.0;9.0;6;1.0;1.5;1.5;6;0;30;44;18;3.0;6;2.0;64;0;0
randomProcessModel280_annotated1.bpmn;/home/necmic/Onedrive/Desktop/EvaluationSetup/Test1_1-BoundaryTest1_Weak-Dynamic/BoundaryTest_decision-6/annotated/randomProcessModel280_annotated1.bpmn;null;null;null;null;null;;1;1;1;null;1;1;1;null;24.0;24.0;24.0;null;null;null;0.002533347;2.9735E-5;0.002563082;0.002706175;3.6531E-5;0.002742706;0.002989699;3.5182E-5;0.003024881;9.0;9.0;6;1.0;1.5;1.5;6;0;30;44;18;3.0;6;2.0;64;0;0
randomProcessModel276_annotated1.bpmn;/home/necmic/Onedrive/Desktop/EvaluationSetup/Test1_1-BoundaryTest1_Weak-Dynamic/BoundaryTest_decision-6/annotated/randomProcessModel276_annotated1.bpmn;null;null;null;null;null;;1;1;1;null;1;1;1;null;21.0;21.0;21.0;null;null;null;0.002794323;3.4807E-5;0.00282913;0.002557074;4.7236E-5;0.00260431;0.002468984;2.9815E-5;0.002498799;9.0;9.0;6;1.0;1.5;1.5;6;0;30;44;18;3.0;6;2.0;64;0;0
randomProcessModel287_annotated1.bpmn;/home/necmic/Onedrive/Desktop/EvaluationSetup/Test1_1-BoundaryTest1_Weak-Dynamic/BoundaryTest_decision-7/annotated/randomProcessModel287_annotated1.bpmn;null;null;null;null;null;;1;1;1;null;1;1;1;null;24.0;24.0;24.0;null;null;null;0.007155231;5.8107E-5;0.007213338;0.010156638;4.1472E-5;0.01019811;0.005298865;3.509E-5;0.005333955;10.0;10.0;7;1.0;1.4285714285714286;1.4285714285714286;7;0;34;50;21;3.0;6;2.0;128;0;0
randomProcessModel283_annotated1.bpmn;/home/necmic/Onedrive/Desktop/EvaluationSetup/Test1_1-BoundaryTest1_Weak-Dynamic/BoundaryTest_decision-7/annotated/randomProcessModel283_annotated1.bpmn;null;null;null;null;null;;1;1;1;null;1;1;1;null;24.5;24.5;24.5;null;null;null;0.008652076;5.293E-5;0.008705006;0.006903514;7.5016E-5;0.00697853;0.006723081;3.6331E-5;0.006759412;10.0;10.0;7;1.0;1.4285714285714286;1.4285714285714286;7;0;34;50;21;3.0;6;2.0;128;0;0
randomProcessModel281_annotated1.bpmn;/home/necmic/Onedrive/Desktop/EvaluationSetup/Test1_1-BoundaryTest1_Weak-Dynamic/BoundaryTest_decision-7/annotated/randomProcessModel281_annotated1.bpmn;null;null;null;null;null;;1;1;1;null;1;1;1;null;27.0;27.0;27.0;null;null;null;0.005346172;3.4079E-5;0.005380251;0.006267181;3.8817E-5;0.006305998;0.005607739;3.4051E-5;0.00564179;10.0;10.0;7;1.0;1.4285714285714286;1.4285714285714286;7;0;34;50;21;3.0;6;2.0;128;0;0
randomProcessModel289_annotated1.bpmn;/home/necmic/Onedrive/Desktop/EvaluationSetup/Test1_1-BoundaryTest1_Weak-Dynamic/BoundaryTest_decision-7/annotated/randomProcessModel289_annotated1.bpmn;null;null;null;null;null;;1;1;1;null;1;1;1;null;24.0;24.0;24.0;null;null;null;0.00432976;3.7734E-5;0.004367494;0.005173547;4.4661E-5;0.005218208;0.004136796;3.6255E-5;0.004173051;10.0;10.0;7;1.0;1.4285714285714286;1.4285714285714286;7;0;34;50;21;3.0;6;2.0;128;0;0
randomProcessModel285_annotated1.bpmn;/home/necmic/Onedrive/Desktop/EvaluationSetup/Test1_1-BoundaryTest1_Weak-Dynamic/BoundaryTest_decision-7/annotated/randomProcessModel285_annotated1.bpmn;null;null;null;null;null;;1;1;1;null;1;1;1;null;30.0;30.0;30.0;null;null;null;0.005906329;3.6442E-5;0.005942771;0.008489928;4.1076E-5;0.008531004;0.008024926;5.1503E-5;0.008076429;10.0;10.0;7;1.0;1.4285714285714286;1.4285714285714286;7;0;34;50;21;3.0;6;2.0;128;0;0
randomProcessModel290_annotated1.bpmn;/home/necmic/Onedrive/Desktop/EvaluationSetup/Test1_1-BoundaryTest1_Weak-Dynamic/BoundaryTest_decision-7/annotated/randomProcessModel290_annotated1.bpmn;null;null;null;null;null;;1;1;1;null;1;1;1;null;24.0;24.0;24.0;null;null;null;0.006007574;4.837E-5;0.006055944;0.006381698;5.2799E-5;0.006434497;0.009970151;1.00942E-4;0.010071093;10.0;10.0;7;1.0;1.4285714285714286;1.4285714285714286;7;0;34;50;21;3.0;6;2.0;128;0;0
randomProcessModel282_annotated1.bpmn;/home/necmic/Onedrive/Desktop/EvaluationSetup/Test1_1-BoundaryTest1_Weak-Dynamic/BoundaryTest_decision-7/annotated/randomProcessModel282_annotated1.bpmn;null;null;null;null;null;;1;1;1;null;1;1;1;null;23.5;23.5;23.5;null;null;null;0.006261287;5.2777E-5;0.006314064;0.006427316;5.2654E-5;0.00647997;0.007057044;5.4259E-5;0.007111303;10.0;10.0;7;1.0;1.4285714285714286;1.4285714285714286;7;0;34;50;21;3.0;6;2.0;128;0;0
randomProcessModel288_annotated1.bpmn;/home/necmic/Onedrive/Desktop/EvaluationSetup/Test1_1-BoundaryTest1_Weak-Dynamic/BoundaryTest_decision-7/annotated/randomProcessModel288_annotated1.bpmn;null;null;null;null;null;;1;1;1;null;1;1;1;null;28.0;28.0;28.0;null;null;null;0.006142702;5.2085E-5;0.006194787;0.006656447;5.04E-5;0.006706847;0.00611476;4.6156E-5;0.006160916;10.0;10.0;7;1.0;1.4285714285714286;1.4285714285714286;7;0;34;50;21;3.0;6;2.0;128;0;0
randomProcessModel284_annotated1.bpmn;/home/necmic/Onedrive/Desktop/EvaluationSetup/Test1_1-BoundaryTest1_Weak-Dynamic/BoundaryTest_decision-7/annotated/randomProcessModel284_annotated1.bpmn;null;null;null;null;null;;1;1;1;null;1;1;1;null;29.0;29.0;29.0;null;null;null;0.010328824;5.0699E-5;0.010379523;0.005216903;3.7764E-5;0.005254667;0.006198057;4.3072E-5;0.006241129;10.0;10.0;7;1.0;1.4285714285714286;1.4285714285714286;7;0;34;50;21;3.0;6;2.0;128;0;0
randomProcessModel286_annotated1.bpmn;/home/necmic/Onedrive/Desktop/EvaluationSetup/Test1_1-BoundaryTest1_Weak-Dynamic/BoundaryTest_decision-7/annotated/randomProcessModel286_annotated1.bpmn;null;null;null;null;null;;1;1;1;null;1;1;1;null;26.0;26.0;26.0;null;null;null;0.007220997;4.3302E-5;0.007264299;0.00697328;4.2399E-5;0.007015679;0.00858422;6.0237E-5;0.008644457;10.0;10.0;7;1.0;1.4285714285714286;1.4285714285714286;7;0;34;50;21;3.0;6;2.0;128;0;0
randomProcessModel297_annotated1.bpmn;/home/necmic/Onedrive/Desktop/EvaluationSetup/Test1_1-BoundaryTest1_Weak-Dynamic/BoundaryTest_decision-8/annotated/randomProcessModel297_annotated1.bpmn;null;null;null;null;null;;1;1;1;null;1;1;1;null;29.5;29.5;29.5;null;null;null;0.022442103;8.6013E-5;0.022528116;0.016457267;4.64E-5;0.016503667;0.016765708;6.0357E-5;0.016826065;11.0;11.0;8;1.0;1.375;1.375;8;0;38;56;24;3.0;6;2.0;256;0;0
randomProcessModel300_annotated1.bpmn;/home/necmic/Onedrive/Desktop/EvaluationSetup/Test1_1-BoundaryTest1_Weak-Dynamic/BoundaryTest_decision-8/annotated/randomProcessModel300_annotated1.bpmn;null;null;null;null;null;;1;1;1;null;1;1;1;null;32.5;32.5;32.5;null;null;null;0.016577789;4.5281E-5;0.01662307;0.022184801;5.1173E-5;0.022235974;0.017683159;4.4754E-5;0.017727913;11.0;11.0;8;1.0;1.375;1.375;8;0;38;56;24;3.0;6;2.0;256;0;0
randomProcessModel295_annotated1.bpmn;/home/necmic/Onedrive/Desktop/EvaluationSetup/Test1_1-BoundaryTest1_Weak-Dynamic/BoundaryTest_decision-8/annotated/randomProcessModel295_annotated1.bpmn;null;null;null;null;null;;1;1;1;null;1;1;1;null;29.0;29.0;29.0;null;null;null;0.015446933;4.2095E-5;0.015489028;0.015476674;6.571E-5;0.015542384;0.020785554;4.1043E-5;0.020826597;11.0;11.0;8;1.0;1.375;1.375;8;0;38;56;24;3.0;6;2.0;256;0;0
randomProcessModel298_annotated1.bpmn;/home/necmic/Onedrive/Desktop/EvaluationSetup/Test1_1-BoundaryTest1_Weak-Dynamic/BoundaryTest_decision-8/annotated/randomProcessModel298_annotated1.bpmn;null;null;null;null;null;;1;1;1;null;1;1;1;null;28.5;28.5;28.5;null;null;null;0.020521477;4.4149E-5;0.020565626;0.013993756;4.8398E-5;0.014042154;0.014414;4.318E-5;0.01445718;11.0;11.0;8;1.0;1.375;1.375;8;0;38;56;24;3.0;6;2.0;256;0;0
randomProcessModel292_annotated1.bpmn;/home/necmic/Onedrive/Desktop/EvaluationSetup/Test1_1-BoundaryTest1_Weak-Dynamic/BoundaryTest_decision-8/annotated/randomProcessModel292_annotated1.bpmn;null;null;null;null;null;;1;1;1;null;1;1;1;null;29.0;29.0;29.0;null;null;null;0.010958519;4.0978E-5;0.010999497;0.01338627;4.71E-5;0.01343337;0.016623819;4.1753E-5;0.016665572;11.0;11.0;8;1.0;1.375;1.375;8;0;38;56;24;3.0;6;2.0;256;0;0
randomProcessModel299_annotated1.bpmn;/home/necmic/Onedrive/Desktop/EvaluationSetup/Test1_1-BoundaryTest1_Weak-Dynamic/BoundaryTest_decision-8/annotated/randomProcessModel299_annotated1.bpmn;null;null;null;null;null;;1;1;1;null;1;1;1;null;29.0;29.0;29.0;null;null;null;0.016101466;4.2861E-5;0.016144327;0.016630215;5.0169E-5;0.016680384;0.021134524;4.2784E-5;0.021177308;11.0;11.0;8;1.0;1.375;1.375;8;0;38;56;24;3.0;6;2.0;256;0;0
randomProcessModel296_annotated1.bpmn;/home/necmic/Onedrive/Desktop/EvaluationSetup/Test1_1-BoundaryTest1_Weak-Dynamic/BoundaryTest_decision-8/annotated/randomProcessModel296_annotated1.bpmn;null;null;null;null;null;;1;1;1;null;1;1;1;null;31.0;31.0;31.0;null;null;null;0.012613582;4.354E-5;0.012657122;0.011478231;4.4441E-5;0.011522672;0.012147407;4.1445E-5;0.012188852;11.0;11.0;8;1.0;1.375;1.375;8;0;38;56;24;3.0;6;2.0;256;0;0
randomProcessModel294_annotated1.bpmn;/home/necmic/Onedrive/Desktop/EvaluationSetup/Test1_1-BoundaryTest1_Weak-Dynamic/BoundaryTest_decision-8/annotated/randomProcessModel294_annotated1.bpmn;null;null;null;null;null;;1;1;1;null;1;1;1;null;26.0;26.0;26.0;null;null;null;0.016543867;4.2935E-5;0.016586802;0.016071432;4.4543E-5;0.016115975;0.017242237;4.7063E-5;0.0172893;11.0;11.0;8;1.0;1.375;1.375;8;0;38;56;24;3.0;6;2.0;256;0;0
randomProcessModel291_annotated1.bpmn;/home/necmic/Onedrive/Desktop/EvaluationSetup/Test1_1-BoundaryTest1_Weak-Dynamic/BoundaryTest_decision-8/annotated/randomProcessModel291_annotated1.bpmn;null;null;null;null;null;;1;1;1;null;1;1;1;null;34.0;34.0;34.0;null;null;null;0.013022757;4.1124E-5;0.013063881;0.013306299;4.2101E-5;0.0133484;0.015708698;4.1601E-5;0.015750299;11.0;11.0;8;1.0;1.375;1.375;8;0;38;56;24;3.0;6;2.0;256;0;0
randomProcessModel293_annotated1.bpmn;/home/necmic/Onedrive/Desktop/EvaluationSetup/Test1_1-BoundaryTest1_Weak-Dynamic/BoundaryTest_decision-8/annotated/randomProcessModel293_annotated1.bpmn;null;null;null;null;null;;1;1;1;null;1;1;1;null;32.0;32.0;32.0;null;null;null;0.013465289;3.9847E-5;0.013505136;0.014201593;4.5716E-5;0.014247309;0.01364382;3.8231E-5;0.013682051;11.0;11.0;8;1.0;1.375;1.375;8;0;38;56;24;3.0;6;2.0;256;0;0
randomProcessModel308_annotated1.bpmn;/home/necmic/Onedrive/Desktop/EvaluationSetup/Test1_1-BoundaryTest1_Weak-Dynamic/BoundaryTest_decision-9/annotated/randomProcessModel308_annotated1.bpmn;null;null;null;null;null;;1;1;1;null;1;1;1;null;27.0;27.0;27.0;null;null;null;0.03391159;5.0654E-5;0.033962244;0.032420724;5.6031E-5;0.032476755;0.033599583;4.7959E-5;0.033647542;13.0;13.0;9;1.0;1.4444444444444444;1.4444444444444444;9;0;42;62;27;3.0;6;2.0;512;0;0
randomProcessModel303_annotated1.bpmn;/home/necmic/Onedrive/Desktop/EvaluationSetup/Test1_1-BoundaryTest1_Weak-Dynamic/BoundaryTest_decision-9/annotated/randomProcessModel303_annotated1.bpmn;null;null;null;null;null;;1;1;1;null;1;1;1;null;34.0;34.0;34.0;null;null;null;0.027099094;4.7829E-5;0.027146923;0.034994096;6.369E-5;0.035057786;0.035980762;5.5963E-5;0.036036725;13.0;13.0;9;1.0;1.4444444444444444;1.4444444444444444;9;0;42;62;27;3.0;6;2.0;512;0;0
randomProcessModel305_annotated1.bpmn;/home/necmic/Onedrive/Desktop/EvaluationSetup/Test1_1-BoundaryTest1_Weak-Dynamic/BoundaryTest_decision-9/annotated/randomProcessModel305_annotated1.bpmn;null;null;null;null;null;;1;1;1;null;1;1;1;null;36.0;36.0;36.0;null;null;null;0.02801861;4.7277E-5;0.028065887;0.027743209;4.9638E-5;0.027792847;0.029660742;4.6947E-5;0.029707689;13.0;13.0;9;1.0;1.4444444444444444;1.4444444444444444;9;0;42;62;27;3.0;6;2.0;512;0;0
randomProcessModel302_annotated1.bpmn;/home/necmic/Onedrive/Desktop/EvaluationSetup/Test1_1-BoundaryTest1_Weak-Dynamic/BoundaryTest_decision-9/annotated/randomProcessModel302_annotated1.bpmn;null;null;null;null;null;;1;1;1;null;1;1;1;null;38.5;38.5;38.5;null;null;null;0.043938436;5.4104E-5;0.04399254;0.036265057;5.6805E-5;0.036321862;0.038547002;4.8471E-5;0.038595473;13.0;13.0;9;1.0;1.4444444444444444;1.4444444444444444;9;0;42;62;27;3.0;6;2.0;512;0;0
randomProcessModel301_annotated1.bpmn;/home/necmic/Onedrive/Desktop/EvaluationSetup/Test1_1-BoundaryTest1_Weak-Dynamic/BoundaryTest_decision-9/annotated/randomProcessModel301_annotated1.bpmn;null;null;null;null;null;;1;1;1;null;1;1;1;null;37.0;37.0;37.0;null;null;null;0.036238811;4.9703E-5;0.036288514;0.034717783;5.1636E-5;0.034769419;0.035785154;5.0312E-5;0.035835466;13.0;13.0;9;1.0;1.4444444444444444;1.4444444444444444;9;0;42;62;27;3.0;6;2.0;512;0;0
randomProcessModel310_annotated1.bpmn;/home/necmic/Onedrive/Desktop/EvaluationSetup/Test1_1-BoundaryTest1_Weak-Dynamic/BoundaryTest_decision-9/annotated/randomProcessModel310_annotated1.bpmn;null;null;null;null;null;;1;1;1;null;1;1;1;null;33.0;33.0;33.0;null;null;null;0.027611569;5.1159E-5;0.027662728;0.025836474;5.832E-5;0.025894794;0.026718934;5.9504E-5;0.026778438;13.0;13.0;9;1.0;1.4444444444444444;1.4444444444444444;9;0;42;62;27;3.0;6;2.0;512;0;0
randomProcessModel309_annotated1.bpmn;/home/necmic/Onedrive/Desktop/EvaluationSetup/Test1_1-BoundaryTest1_Weak-Dynamic/BoundaryTest_decision-9/annotated/randomProcessModel309_annotated1.bpmn;null;null;null;null;null;;1;1;1;null;1;1;1;null;30.0;30.0;30.0;null;null;null;0.040272833;4.9395E-5;0.040322228;0.04018245;5.2848E-5;0.040235298;0.042283712;5.1766E-5;0.042335478;13.0;13.0;9;1.0;1.4444444444444444;1.4444444444444444;9;0;42;62;27;3.0;6;2.0;512;0;0
randomProcessModel304_annotated1.bpmn;/home/necmic/Onedrive/Desktop/EvaluationSetup/Test1_1-BoundaryTest1_Weak-Dynamic/BoundaryTest_decision-9/annotated/randomProcessModel304_annotated1.bpmn;null;null;null;null;null;;1;1;1;null;1;1;1;null;33.0;33.0;33.0;null;null;null;0.021170693;4.6074E-5;0.021216767;0.021243324;5.0405E-5;0.021293729;0.022284736;4.5073E-5;0.022329809;13.0;13.0;9;1.0;1.4444444444444444;1.4444444444444444;9;0;42;62;27;3.0;6;2.0;512;0;0
randomProcessModel306_annotated1.bpmn;/home/necmic/Onedrive/Desktop/EvaluationSetup/Test1_1-BoundaryTest1_Weak-Dynamic/BoundaryTest_decision-9/annotated/randomProcessModel306_annotated1.bpmn;null;null;null;null;null;;1;1;1;null;1;1;1;null;37.0;37.0;37.0;null;null;null;0.030584771;5.887E-5;0.030643641;0.030553758;5.6144E-5;0.030609902;0.028663936;4.7854E-5;0.02871179;13.0;13.0;9;1.0;1.4444444444444444;1.4444444444444444;9;0;42;62;27;3.0;6;2.0;512;0;0
randomProcessModel307_annotated1.bpmn;/home/necmic/Onedrive/Desktop/EvaluationSetup/Test1_1-BoundaryTest1_Weak-Dynamic/BoundaryTest_decision-9/annotated/randomProcessModel307_annotated1.bpmn;null;null;null;null;null;;1;1;1;null;1;1;1;null;34.0;34.0;34.0;null;null;null;0.030281535;4.9467E-5;0.030331002;0.026486771;5.2256E-5;0.026539027;0.025777269;4.5298E-5;0.025822567;13.0;13.0;9;1.0;1.4444444444444444;1.4444444444444444;9;0;42;62;27;3.0;6;2.0;512;0;0
randomProcessModel320_annotated1.bpmn;/home/necmic/Onedrive/Desktop/EvaluationSetup/Test1_1-BoundaryTest1_Weak-Dynamic/BoundaryTest_decision-10/annotated/randomProcessModel320_annotated1.bpmn;null;null;null;null;null;;1;1;1;null;1;1;1;null;38.0;38.0;38.0;null;null;null;0.059934028;5.416E-5;0.059988188;0.067533039;1.39342E-4;0.067672381;0.071884179;6.0436E-5;0.071944615;14.0;14.0;10;1.0;1.4;1.4;10;0;46;68;30;3.0;6;2.0;1024;0;0
randomProcessModel318_annotated1.bpmn;/home/necmic/Onedrive/Desktop/EvaluationSetup/Test1_1-BoundaryTest1_Weak-Dynamic/BoundaryTest_decision-10/annotated/randomProcessModel318_annotated1.bpmn;null;null;null;null;null;;1;1;1;null;1;1;1;null;36.0;36.0;36.0;null;null;null;0.065164561;5.7238E-5;0.065221799;0.069958412;7.8758E-5;0.07003717;0.065895681;5.6364E-5;0.065952045;14.0;14.0;10;1.0;1.4;1.4;10;0;46;68;30;3.0;6;2.0;1024;0;0
randomProcessModel315_annotated1.bpmn;/home/necmic/Onedrive/Desktop/EvaluationSetup/Test1_1-BoundaryTest1_Weak-Dynamic/BoundaryTest_decision-10/annotated/randomProcessModel315_annotated1.bpmn;null;null;null;null;null;;1;1;1;null;1;1;1;null;31.0;31.0;31.0;null;null;null;0.079381272;6.1508E-5;0.07944278;0.07250166;6.941E-5;0.07257107;0.099605121;7.0953E-5;0.099676074;14.0;14.0;10;1.0;1.4;1.4;10;0;46;68;30;3.0;6;2.0;1024;0;0
randomProcessModel311_annotated1.bpmn;/home/necmic/Onedrive/Desktop/EvaluationSetup/Test1_1-BoundaryTest1_Weak-Dynamic/BoundaryTest_decision-10/annotated/randomProcessModel311_annotated1.bpmn;null;null;null;null;null;;1;1;1;null;1;1;1;null;34.0;34.0;34.0;null;null;null;0.066727118;5.4648E-5;0.066781766;0.065411886;6.3081E-5;0.065474967;0.073448501;6.5048E-5;0.073513549;14.0;14.0;10;1.0;1.4;1.4;10;0;46;68;30;3.0;6;2.0;1024;0;0
randomProcessModel312_annotated1.bpmn;/home/necmic/Onedrive/Desktop/EvaluationSetup/Test1_1-BoundaryTest1_Weak-Dynamic/BoundaryTest_decision-10/annotated/randomProcessModel312_annotated1.bpmn;null;null;null;null;null;;1;1;1;null;1;1;1;null;42.0;42.0;42.0;null;null;null;0.05527039;5.9306E-5;0.055329696;0.055313894;6.64E-5;0.055380294;0.059248192;5.4085E-5;0.059302277;14.0;14.0;10;1.0;1.4;1.4;10;0;46;68;30;3.0;6;2.0;1024;0;0
randomProcessModel316_annotated1.bpmn;/home/necmic/Onedrive/Desktop/EvaluationSetup/Test1_1-BoundaryTest1_Weak-Dynamic/BoundaryTest_decision-10/annotated/randomProcessModel316_annotated1.bpmn;null;null;null;null;null;;1;1;1;null;1;1;1;null;38.0;38.0;38.0;null;null;null;0.088133578;6.0267E-5;0.088193845;0.089178477;6.2765E-5;0.089241242;0.090217004;5.4486E-5;0.09027149;14.0;14.0;10;1.0;1.4;1.4;10;0;46;68;30;3.0;6;2.0;1024;0;0
randomProcessModel317_annotated1.bpmn;/home/necmic/Onedrive/Desktop/EvaluationSetup/Test1_1-BoundaryTest1_Weak-Dynamic/BoundaryTest_decision-10/annotated/randomProcessModel317_annotated1.bpmn;null;null;null;null;null;;1;1;1;null;1;1;1;null;39.0;39.0;39.0;null;null;null;0.059564956;5.4294E-5;0.05961925;0.058293067;6.2198E-5;0.058355265;0.065763599;6.0811E-5;0.06582441;14.0;14.0;10;1.0;1.4;1.4;10;0;46;68;30;3.0;6;2.0;1024;0;0
randomProcessModel319_annotated1.bpmn;/home/necmic/Onedrive/Desktop/EvaluationSetup/Test1_1-BoundaryTest1_Weak-Dynamic/BoundaryTest_decision-10/annotated/randomProcessModel319_annotated1.bpmn;null;null;null;null;null;;1;1;1;null;1;1;1;null;37.0;37.0;37.0;null;null;null;0.062942776;5.8845E-5;0.063001621;0.057493309;6.3204E-5;0.057556513;0.057889617;7.2951E-5;0.057962568;14.0;14.0;10;1.0;1.4;1.4;10;0;46;68;30;3.0;6;2.0;1024;0;0
randomProcessModel314_annotated1.bpmn;/home/necmic/Onedrive/Desktop/EvaluationSetup/Test1_1-BoundaryTest1_Weak-Dynamic/BoundaryTest_decision-10/annotated/randomProcessModel314_annotated1.bpmn;null;null;null;null;null;;1;1;1;null;1;1;1;null;37.0;37.0;37.0;null;null;null;0.055310025;5.6328E-5;0.055366353;0.050272174;6.2467E-5;0.050334641;0.050942088;5.6658E-5;0.050998746;14.0;14.0;10;1.0;1.4;1.4;10;0;46;68;30;3.0;6;2.0;1024;0;0
randomProcessModel313_annotated1.bpmn;/home/necmic/Onedrive/Desktop/EvaluationSetup/Test1_1-BoundaryTest1_Weak-Dynamic/BoundaryTest_decision-10/annotated/randomProcessModel313_annotated1.bpmn;null;null;null;null;null;;1;1;1;null;1;1;1;null;41.0;41.0;41.0;null;null;null;0.077257591;6.2119E-5;0.07731971;0.073197141;6.5636E-5;0.073262777;0.078484273;5.5845E-5;0.078540118;14.0;14.0;10;1.0;1.4;1.4;10;0;46;68;30;3.0;6;2.0;1024;0;0
randomProcessModel324_annotated1.bpmn;/home/necmic/Onedrive/Desktop/EvaluationSetup/Test1_1-BoundaryTest1_Weak-Dynamic/BoundaryTest_decision-11/annotated/randomProcessModel324_annotated1.bpmn;null;null;null;null;null;;1;1;1;null;1;1;1;null;38.0;38.0;38.0;null;null;null;0.118029379;7.1764E-5;0.118101143;0.123902859;7.6287E-5;0.123979146;0.127948685;6.7587E-5;0.128016272;15.0;15.0;11;1.0;1.3636363636363635;1.3636363636363635;11;0;50;74;33;3.0;6;2.0;2048;0;0
randomProcessModel330_annotated1.bpmn;/home/necmic/Onedrive/Desktop/EvaluationSetup/Test1_1-BoundaryTest1_Weak-Dynamic/BoundaryTest_decision-11/annotated/randomProcessModel330_annotated1.bpmn;null;null;null;null;null;;1;1;1;null;1;1;1;null;39.5;39.5;39.5;null;null;null;0.147940462;6.4461E-5;0.148004923;0.154084141;8.121E-5;0.154165351;0.14684611;6.8776E-5;0.146914886;15.0;15.0;11;1.0;1.3636363636363635;1.3636363636363635;11;0;50;74;33;3.0;6;2.0;2048;0;0
randomProcessModel327_annotated1.bpmn;/home/necmic/Onedrive/Desktop/EvaluationSetup/Test1_1-BoundaryTest1_Weak-Dynamic/BoundaryTest_decision-11/annotated/randomProcessModel327_annotated1.bpmn;null;null;null;null;null;;1;1;1;null;1;1;1;null;39.0;39.0;39.0;null;null;null;0.176893441;6.8615E-5;0.176962056;0.182649894;8.2374E-5;0.182732268;0.172381277;1.23034E-4;0.172504311;15.0;15.0;11;1.0;1.3636363636363635;1.3636363636363635;11;0;50;74;33;3.0;6;2.0;2048;0;0
randomProcessModel326_annotated1.bpmn;/home/necmic/Onedrive/Desktop/EvaluationSetup/Test1_1-BoundaryTest1_Weak-Dynamic/BoundaryTest_decision-11/annotated/randomProcessModel326_annotated1.bpmn;null;null;null;null;null;;1;1;1;null;1;1;1;null;40.0;40.0;40.0;null;null;null;0.108508467;6.7571E-5;0.108576038;0.108926127;7.72E-5;0.109003327;0.117116049;6.6523E-5;0.117182572;15.0;15.0;11;1.0;1.3636363636363635;1.3636363636363635;11;0;50;74;33;3.0;6;2.0;2048;0;0
randomProcessModel323_annotated1.bpmn;/home/necmic/Onedrive/Desktop/EvaluationSetup/Test1_1-BoundaryTest1_Weak-Dynamic/BoundaryTest_decision-11/annotated/randomProcessModel323_annotated1.bpmn;null;null;null;null;null;;1;1;1;null;1;1;1;null;41.0;41.0;41.0;null;null;null;0.165233927;6.7181E-5;0.165301108;0.170847773;8.0871E-5;0.170928644;0.156554586;6.8023E-5;0.156622609;15.0;15.0;11;1.0;1.3636363636363635;1.3636363636363635;11;0;50;74;33;3.0;6;2.0;2048;0;0
randomProcessModel329_annotated1.bpmn;/home/necmic/Onedrive/Desktop/EvaluationSetup/Test1_1-BoundaryTest1_Weak-Dynamic/BoundaryTest_decision-11/annotated/randomProcessModel329_annotated1.bpmn;null;null;null;null;null;;1;1;1;null;1;1;1;null;43.0;43.0;43.0;null;null;null;0.141502765;7.5992E-5;0.141578757;0.123274321;8.2987E-5;0.123357308;0.125956164;6.9506E-5;0.12602567;15.0;15.0;11;1.0;1.3636363636363635;1.3636363636363635;11;0;50;74;33;3.0;6;2.0;2048;0;0
randomProcessModel328_annotated1.bpmn;/home/necmic/Onedrive/Desktop/EvaluationSetup/Test1_1-BoundaryTest1_Weak-Dynamic/BoundaryTest_decision-11/annotated/randomProcessModel328_annotated1.bpmn;null;null;null;null;null;;1;1;1;null;1;1;1;null;37.0;37.0;37.0;null;null;null;0.183866901;6.177E-5;0.183928671;0.19068485;8.0201E-5;0.190765051;0.170134956;6.7715E-5;0.170202671;15.0;15.0;11;1.0;1.3636363636363635;1.3636363636363635;11;0;50;74;33;3.0;6;2.0;2048;0;0
randomProcessModel322_annotated1.bpmn;/home/necmic/Onedrive/Desktop/EvaluationSetup/Test1_1-BoundaryTest1_Weak-Dynamic/BoundaryTest_decision-11/annotated/randomProcessModel322_annotated1.bpmn;null;null;null;null;null;;1;1;1;null;1;1;1;null;42.0;42.0;42.0;null;null;null;0.18442652;7.7384E-5;0.184503904;0.199486364;9.1725E-5;0.199578089;0.180244985;6.8982E-5;0.180313967;15.0;15.0;11;1.0;1.3636363636363635;1.3636363636363635;11;0;50;74;33;3.0;6;2.0;2048;0;0
randomProcessModel325_annotated1.bpmn;/home/necmic/Onedrive/Desktop/EvaluationSetup/Test1_1-BoundaryTest1_Weak-Dynamic/BoundaryTest_decision-11/annotated/randomProcessModel325_annotated1.bpmn;null;null;null;null;null;;1;1;1;null;1;1;1;null;40.0;40.0;40.0;null;null;null;0.120705053;7.4172E-5;0.120779225;0.091222864;8.5423E-5;0.091308287;0.086230529;7.1639E-5;0.086302168;15.0;15.0;11;1.0;1.3636363636363635;1.3636363636363635;11;0;50;74;33;3.0;6;2.0;2048;0;0
randomProcessModel321_annotated1.bpmn;/home/necmic/Onedrive/Desktop/EvaluationSetup/Test1_1-BoundaryTest1_Weak-Dynamic/BoundaryTest_decision-11/annotated/randomProcessModel321_annotated1.bpmn;null;null;null;null;null;;1;1;1;null;1;1;1;null;40.0;40.0;40.0;null;null;null;0.188473038;8.8165E-5;0.188561203;0.1584995;7.9729E-5;0.158579229;0.141868737;6.7078E-5;0.141935815;15.0;15.0;11;1.0;1.3636363636363635;1.3636363636363635;11;0;50;74;33;3.0;6;2.0;2048;0;0
randomProcessModel336_annotated1.bpmn;/home/necmic/Onedrive/Desktop/EvaluationSetup/Test1_1-BoundaryTest1_Weak-Dynamic/BoundaryTest_decision-12/annotated/randomProcessModel336_annotated1.bpmn;null;null;null;null;null;;1;1;1;null;1;1;1;null;46.0;46.0;46.0;null;null;null;0.25354043;7.4232E-5;0.253614662;0.287947275;1.20981E-4;0.288068256;0.254565597;7.2356E-5;0.254637953;16.0;16.0;12;1.0;1.3333333333333333;1.3333333333333333;12;0;54;80;36;3.0;6;2.0;4096;0;0
randomProcessModel332_annotated1.bpmn;/home/necmic/Onedrive/Desktop/EvaluationSetup/Test1_1-BoundaryTest1_Weak-Dynamic/BoundaryTest_decision-12/annotated/randomProcessModel332_annotated1.bpmn;null;null;null;null;null;;1;1;1;null;1;1;1;null;42.0;42.0;42.0;null;null;null;0.338596691;7.1259E-5;0.33866795;0.337233538;8.7802E-5;0.33732134;0.328309294;9.4973E-5;0.328404267;16.0;16.0;12;1.0;1.3333333333333333;1.3333333333333333;12;0;54;80;36;3.0;6;2.0;4096;0;0
randomProcessModel331_annotated1.bpmn;/home/necmic/Onedrive/Desktop/EvaluationSetup/Test1_1-BoundaryTest1_Weak-Dynamic/BoundaryTest_decision-12/annotated/randomProcessModel331_annotated1.bpmn;null;null;null;null;null;;1;1;1;null;1;1;1;null;49.0;48.5;48.5;null;null;null;0.324467793;8.5843E-5;0.324553636;0.366805424;9.4632E-5;0.366900056;0.320783608;8.1158E-5;0.320864766;16.0;16.0;12;1.0;1.3333333333333333;1.3333333333333333;12;0;54;80;36;3.0;6;2.0;4096;0;0
randomProcessModel333_annotated1.bpmn;/home/necmic/Onedrive/Desktop/EvaluationSetup/Test1_1-BoundaryTest1_Weak-Dynamic/BoundaryTest_decision-12/annotated/randomProcessModel333_annotated1.bpmn;null;null;null;null;null;;1;1;1;null;1;1;1;null;50.0;50.0;50.0;null;null;null;0.280831347;1.10315E-4;0.280941662;0.271034004;8.3416E-5;0.27111742;0.312408929;7.3377E-5;0.312482306;16.0;16.0;12;1.0;1.3333333333333333;1.3333333333333333;12;0;54;80;36;3.0;6;2.0;4096;0;0
randomProcessModel335_annotated1.bpmn;/home/necmic/Onedrive/Desktop/EvaluationSetup/Test1_1-BoundaryTest1_Weak-Dynamic/BoundaryTest_decision-12/annotated/randomProcessModel335_annotated1.bpmn;null;null;null;null;null;;1;1;1;null;1;1;1;null;50.0;50.0;50.0;null;null;null;0.453708012;8.2507E-5;0.453790519;0.455494227;9.052E-5;0.455584747;0.510426918;7.7952E-5;0.51050487;16.0;16.0;12;1.0;1.3333333333333333;1.3333333333333333;12;0;54;80;36;3.0;6;2.0;4096;0;0
randomProcessModel334_annotated1.bpmn;/home/necmic/Onedrive/Desktop/EvaluationSetup/Test1_1-BoundaryTest1_Weak-Dynamic/BoundaryTest_decision-12/annotated/randomProcessModel334_annotated1.bpmn;null;null;null;null;null;;1;1;1;null;1;1;1;null;42.0;42.0;42.0;null;null;null;0.245778398;7.3864E-5;0.245852262;0.293647187;9.8516E-5;0.293745703;0.257477385;7.5034E-5;0.257552419;16.0;16.0;12;1.0;1.3333333333333333;1.3333333333333333;12;0;54;80;36;3.0;6;2.0;4096;0;0
randomProcessModel339_annotated1.bpmn;/home/necmic/Onedrive/Desktop/EvaluationSetup/Test1_1-BoundaryTest1_Weak-Dynamic/BoundaryTest_decision-12/annotated/randomProcessModel339_annotated1.bpmn;null;null;null;null;null;;1;1;1;null;1;1;1;null;44.0;44.0;44.0;null;null;null;0.412906887;7.7334E-5;0.412984221;0.425990955;9.048E-5;0.426081435;0.408683277;8.883E-5;0.408772107;16.0;16.0;12;1.0;1.3333333333333333;1.3333333333333333;12;0;54;80;36;3.0;6;2.0;4096;0;0
randomProcessModel338_annotated1.bpmn;/home/necmic/Onedrive/Desktop/EvaluationSetup/Test1_1-BoundaryTest1_Weak-Dynamic/BoundaryTest_decision-12/annotated/randomProcessModel338_annotated1.bpmn;null;null;null;null;null;;1;1;1;null;1;1;1;null;47.0;47.0;47.0;null;null;null;0.338430462;8.2875E-5;0.338513337;0.325207209;8.248E-5;0.325289689;0.328056419;7.2155E-5;0.328128574;16.0;16.0;12;1.0;1.3333333333333333;1.3333333333333333;12;0;54;80;36;3.0;6;2.0;4096;0;0
randomProcessModel337_annotated1.bpmn;/home/necmic/Onedrive/Desktop/EvaluationSetup/Test1_1-BoundaryTest1_Weak-Dynamic/BoundaryTest_decision-12/annotated/randomProcessModel337_annotated1.bpmn;null;null;null;null;null;;1;1;1;null;1;1;1;null;41.0;41.0;41.0;null;null;null;0.22810907;7.1922E-5;0.228180992;0.236712668;8.7796E-5;0.236800464;0.230070794;7.4784E-5;0.230145578;16.0;16.0;12;1.0;1.3333333333333333;1.3333333333333333;12;0;54;80;36;3.0;6;2.0;4096;0;0
randomProcessModel340_annotated1.bpmn;/home/necmic/Onedrive/Desktop/EvaluationSetup/Test1_1-BoundaryTest1_Weak-Dynamic/BoundaryTest_decision-12/annotated/randomProcessModel340_annotated1.bpmn;null;null;null;null;null;;1;1;1;null;1;1;1;null;46.0;46.0;46.0;null;null;null;0.289274798;7.5235E-5;0.289350033;0.280905472;8.6396E-5;0.280991868;0.28184493;7.2403E-5;0.281917333;16.0;16.0;12;1.0;1.3333333333333333;1.3333333333333333;12;0;54;80;36;3.0;6;2.0;4096;0;0
randomProcessModel349_annotated1.bpmn;/home/necmic/Onedrive/Desktop/EvaluationSetup/Test1_1-BoundaryTest1_Weak-Dynamic/BoundaryTest_decision-13/annotated/randomProcessModel349_annotated1.bpmn;null;null;null;null;null;;1;1;1;null;1;1;1;null;50.0;50.0;50.0;null;null;null;0.785490469;8.3753E-5;0.785574222;0.782336033;9.064E-5;0.782426673;0.816635299;8.2869E-5;0.816718168;17.0;17.0;13;1.0;1.3076923076923077;1.3076923076923077;13;0;58;86;39;3.0;6;2.0;8192;0;0
randomProcessModel348_annotated1.bpmn;/home/necmic/Onedrive/Desktop/EvaluationSetup/Test1_1-BoundaryTest1_Weak-Dynamic/BoundaryTest_decision-13/annotated/randomProcessModel348_annotated1.bpmn;null;null;null;null;null;;1;1;1;null;1;1;1;null;47.0;47.0;47.0;null;null;null;0.627270862;8.3084E-5;0.627353946;0.595180919;8.9589E-5;0.595270508;0.581563679;9.6572E-5;0.581660251;17.0;17.0;13;1.0;1.3076923076923077;1.3076923076923077;13;0;58;86;39;3.0;6;2.0;8192;0;0
randomProcessModel347_annotated1.bpmn;/home/necmic/Onedrive/Desktop/EvaluationSetup/Test1_1-BoundaryTest1_Weak-Dynamic/BoundaryTest_decision-13/annotated/randomProcessModel347_annotated1.bpmn;null;null;null;null;null;;1;1;1;null;1;1;1;null;47.0;47.0;47.0;null;null;null;1.021965196;1.53719E-4;1.022118915;0.968996231;1.725E-4;0.969168731;0.95227003;1.38307E-4;0.952408337;17.0;17.0;13;1.0;1.3076923076923077;1.3076923076923077;13;0;58;86;39;3.0;6;2.0;8192;0;0
randomProcessModel342_annotated1.bpmn;/home/necmic/Onedrive/Desktop/EvaluationSetup/Test1_1-BoundaryTest1_Weak-Dynamic/BoundaryTest_decision-13/annotated/randomProcessModel342_annotated1.bpmn;null;null;null;null;null;;1;1;1;null;1;1;1;null;54.0;54.0;54.0;null;null;null;0.781444235;1.28372E-4;0.781572607;0.796449309;9.4942E-5;0.796544251;0.754078766;9.2598E-5;0.754171364;17.0;17.0;13;1.0;1.3076923076923077;1.3076923076923077;13;0;58;86;39;3.0;6;2.0;8192;0;0
randomProcessModel350_annotated1.bpmn;/home/necmic/Onedrive/Desktop/EvaluationSetup/Test1_1-BoundaryTest1_Weak-Dynamic/BoundaryTest_decision-13/annotated/randomProcessModel350_annotated1.bpmn;null;null;null;null;null;;1;1;1;null;1;1;1;null;50.0;50.0;50.0;null;null;null;0.788521054;8.8464E-5;0.788609518;0.835475538;9.6905E-5;0.835572443;0.793478861;8.5361E-5;0.793564222;17.0;17.0;13;1.0;1.3076923076923077;1.3076923076923077;13;0;58;86;39;3.0;6;2.0;8192;0;0
randomProcessModel346_annotated1.bpmn;/home/necmic/Onedrive/Desktop/EvaluationSetup/Test1_1-BoundaryTest1_Weak-Dynamic/BoundaryTest_decision-13/annotated/randomProcessModel346_annotated1.bpmn;null;null;null;null;null;;1;1;1;null;1;1;1;null;48.0;48.0;48.0;null;null;null;0.675510782;1.0449E-4;0.675615272;0.62555124;1.03359E-4;0.625654599;0.625842753;1.08379E-4;0.625951132;17.0;17.0;13;1.0;1.3076923076923077;1.3076923076923077;13;0;58;86;39;3.0;6;2.0;8192;0;0
randomProcessModel344_annotated1.bpmn;/home/necmic/Onedrive/Desktop/EvaluationSetup/Test1_1-BoundaryTest1_Weak-Dynamic/BoundaryTest_decision-13/annotated/randomProcessModel344_annotated1.bpmn;null;null;null;null;null;;1;1;1;null;1;1;1;null;54.5;54.5;54.5;null;null;null;0.544999141;9.436E-5;0.545093501;0.573688781;1.02392E-4;0.573791173;0.54518981;9.3006E-5;0.545282816;17.0;17.0;13;1.0;1.3076923076923077;1.3076923076923077;13;0;58;86;39;3.0;6;2.0;8192;0;0
randomProcessModel343_annotated1.bpmn;/home/necmic/Onedrive/Desktop/EvaluationSetup/Test1_1-BoundaryTest1_Weak-Dynamic/BoundaryTest_decision-13/annotated/randomProcessModel343_annotated1.bpmn;null;null;null;null;null;;1;1;1;null;1;1;1;null;49.0;49.0;49.0;null;null;null;0.57506695;9.3985E-5;0.575160935;0.534032863;9.797E-5;0.534130833;0.548048115;9.3338E-5;0.548141453;17.0;17.0;13;1.0;1.3076923076923077;1.3076923076923077;13;0;58;86;39;3.0;6;2.0;8192;0;0
randomProcessModel341_annotated1.bpmn;/home/necmic/Onedrive/Desktop/EvaluationSetup/Test1_1-BoundaryTest1_Weak-Dynamic/BoundaryTest_decision-13/annotated/randomProcessModel341_annotated1.bpmn;null;null;null;null;null;;1;1;1;null;1;1;1;null;49.0;49.0;49.0;null;null;null;0.675009486;9.0971E-5;0.675100457;0.684941741;1.17303E-4;0.685059044;0.741711098;8.6812E-5;0.74179791;17.0;17.0;13;1.0;1.3076923076923077;1.3076923076923077;13;0;58;86;39;3.0;6;2.0;8192;0;0
randomProcessModel345_annotated1.bpmn;/home/necmic/Onedrive/Desktop/EvaluationSetup/Test1_1-BoundaryTest1_Weak-Dynamic/BoundaryTest_decision-13/annotated/randomProcessModel345_annotated1.bpmn;null;null;null;null;null;;1;1;1;null;1;1;1;null;46.0;46.0;46.0;null;null;null;1.403469128;9.0928E-5;1.403560056;1.523470658;9.5901E-5;1.523566559;1.417533499;9.43E-5;1.417627799;17.0;17.0;13;1.0;1.3076923076923077;1.3076923076923077;13;0;58;86;39;3.0;6;2.0;8192;0;0
randomProcessModel354_annotated1.bpmn;/home/necmic/Onedrive/Desktop/EvaluationSetup/Test1_1-BoundaryTest1_Weak-Dynamic/BoundaryTest_decision-14/annotated/randomProcessModel354_annotated1.bpmn;null;null;null;null;null;;1;1;1;null;1;1;1;null;58.5;58.5;58.5;null;null;null;1.093646921;1.81543E-4;1.093828464;1.094991726;1.38518E-4;1.095130244;1.079511963;9.756E-5;1.079609523;19.0;19.0;14;1.0;1.3571428571428572;1.3571428571428572;14;0;62;92;42;3.0;6;2.0;16384;0;0
randomProcessModel360_annotated1.bpmn;/home/necmic/Onedrive/Desktop/EvaluationSetup/Test1_1-BoundaryTest1_Weak-Dynamic/BoundaryTest_decision-14/annotated/randomProcessModel360_annotated1.bpmn;null;null;null;null;null;;1;1;1;null;1;1;1;null;47.0;47.0;47.0;null;null;null;1.796951285;8.523E-5;1.797036515;1.68711045;1.04547E-4;1.687214997;1.706829246;1.32372E-4;1.706961618;19.0;19.0;14;1.0;1.3571428571428572;1.3571428571428572;14;0;62;92;42;3.0;6;2.0;16384;0;0
randomProcessModel355_annotated1.bpmn;/home/necmic/Onedrive/Desktop/EvaluationSetup/Test1_1-BoundaryTest1_Weak-Dynamic/BoundaryTest_decision-14/annotated/randomProcessModel355_annotated1.bpmn;null;null;null;null;null;;1;1;1;null;1;1;1;null;50.0;50.0;50.0;null;null;null;1.032459314;1.14165E-4;1.032573479;1.095816334;1.00975E-4;1.095917309;1.040099899;9.1405E-5;1.040191304;19.0;19.0;14;1.0;1.3571428571428572;1.3571428571428572;14;0;62;92;42;3.0;6;2.0;16384;0;0
randomProcessModel353_annotated1.bpmn;/home/necmic/Onedrive/Desktop/EvaluationSetup/Test1_1-BoundaryTest1_Weak-Dynamic/BoundaryTest_decision-14/annotated/randomProcessModel353_annotated1.bpmn;null;null;null;null;null;;1;1;1;null;1;1;1;null;53.0;53.0;53.0;null;null;null;1.859876456;1.02687E-4;1.859979143;1.952705051;1.07335E-4;1.952812386;1.838030844;9.7823E-5;1.838128667;19.0;19.0;14;1.0;1.3571428571428572;1.3571428571428572;14;0;62;92;42;3.0;6;2.0;16384;0;0
randomProcessModel359_annotated1.bpmn;/home/necmic/Onedrive/Desktop/EvaluationSetup/Test1_1-BoundaryTest1_Weak-Dynamic/BoundaryTest_decision-14/annotated/randomProcessModel359_annotated1.bpmn;null;null;null;null;null;;1;1;1;null;1;1;1;null;56.0;56.0;56.0;null;null;null;1.842423317;1.03946E-4;1.842527263;1.938947669;1.01164E-4;1.939048833;1.848808049;9.5113E-5;1.848903162;19.0;19.0;14;1.0;1.3571428571428572;1.3571428571428572;14;0;62;92;42;3.0;6;2.0;16384;0;0
randomProcessModel352_annotated1.bpmn;/home/necmic/Onedrive/Desktop/EvaluationSetup/Test1_1-BoundaryTest1_Weak-Dynamic/BoundaryTest_decision-14/annotated/randomProcessModel352_annotated1.bpmn;null;null;null;null;null;;1;1;1;null;1;1;1;null;49.0;49.0;49.0;null;null;null;1.693917177;1.31837E-4;1.694049014;1.53569359;9.9722E-5;1.535793312;1.545673314;9.3462E-5;1.545766776;19.0;19.0;14;1.0;1.3571428571428572;1.3571428571428572;14;0;62;92;42;3.0;6;2.0;16384;0;0
randomProcessModel358_annotated1.bpmn;/home/necmic/Onedrive/Desktop/EvaluationSetup/Test1_1-BoundaryTest1_Weak-Dynamic/BoundaryTest_decision-14/annotated/randomProcessModel358_annotated1.bpmn;null;null;null;null;null;;1;1;1;null;1;1;1;null;57.0;57.0;57.0;null;null;null;2.417214385;9.5146E-5;2.417309531;2.446268313;9.8847E-5;2.44636716;2.555898515;9.635E-5;2.555994865;19.0;19.0;14;1.0;1.3571428571428572;1.3571428571428572;14;0;62;92;42;3.0;6;2.0;16384;0;0
randomProcessModel357_annotated1.bpmn;/home/necmic/Onedrive/Desktop/EvaluationSetup/Test1_1-BoundaryTest1_Weak-Dynamic/BoundaryTest_decision-14/annotated/randomProcessModel357_annotated1.bpmn;null;null;null;null;null;;1;1;1;null;1;1;1;null;53.5;53.5;53.5;null;null;null;1.461009837;1.0252E-4;1.461112357;1.48686135;1.09842E-4;1.486971192;1.549256842;9.8674E-5;1.549355516;19.0;19.0;14;1.0;1.3571428571428572;1.3571428571428572;14;0;62;92;42;3.0;6;2.0;16384;0;0
randomProcessModel351_annotated1.bpmn;/home/necmic/Onedrive/Desktop/EvaluationSetup/Test1_1-BoundaryTest1_Weak-Dynamic/BoundaryTest_decision-14/annotated/randomProcessModel351_annotated1.bpmn;null;null;null;null;null;;1;1;1;null;1;1;1;null;55.0;55.0;55.0;null;null;null;2.129756687;9.7915E-5;2.129854602;2.147175843;9.9943E-5;2.147275786;2.148931885;8.9069E-5;2.149020954;19.0;19.0;14;1.0;1.3571428571428572;1.3571428571428572;14;0;62;92;42;3.0;6;2.0;16384;0;0
randomProcessModel356_annotated1.bpmn;/home/necmic/Onedrive/Desktop/EvaluationSetup/Test1_1-BoundaryTest1_Weak-Dynamic/BoundaryTest_decision-14/annotated/randomProcessModel356_annotated1.bpmn;null;null;null;null;null;;1;1;1;null;1;1;1;null;52.0;52.0;52.0;null;null;null;1.727008871;9.6968E-5;1.727105839;1.847357496;1.18921E-4;1.847476417;1.736803154;9.3219E-5;1.736896373;19.0;19.0;14;1.0;1.3571428571428572;1.3571428571428572;14;0;62;92;42;3.0;6;2.0;16384;0;0
randomProcessModel362_annotated1.bpmn;/home/necmic/Onedrive/Desktop/EvaluationSetup/Test1_1-BoundaryTest1_Weak-Dynamic/BoundaryTest_decision-15/annotated/randomProcessModel362_annotated1.bpmn;null;null;null;null;null;;1;1;1;null;1;1;1;null;61.5;61.5;61.5;null;null;null;3.200104922;9.5484E-5;3.200200406;3.477518879;9.227E-5;3.477611149;3.230136966;9.7553E-5;3.230234519;20.0;20.0;15;1.0;1.3333333333333333;1.3333333333333333;15;0;66;98;45;3.0;6;2.0;32768;0;0
randomProcessModel370_annotated1.bpmn;/home/necmic/Onedrive/Desktop/EvaluationSetup/Test1_1-BoundaryTest1_Weak-Dynamic/BoundaryTest_decision-15/annotated/randomProcessModel370_annotated1.bpmn;null;null;null;null;null;;1;1;1;null;1;1;1;null;58.0;58.0;58.0;null;null;null;4.392242592;1.12355E-4;4.392354947;4.122591273;1.42875E-4;4.122734148;4.169279296;1.00609E-4;4.169379905;20.0;20.0;15;1.0;1.3333333333333333;1.3333333333333333;15;0;66;98;45;3.0;6;2.0;32768;0;0
randomProcessModel366_annotated1.bpmn;/home/necmic/Onedrive/Desktop/EvaluationSetup/Test1_1-BoundaryTest1_Weak-Dynamic/BoundaryTest_decision-15/annotated/randomProcessModel366_annotated1.bpmn;null;null;null;null;null;;1;1;1;null;1;1;1;null;65.0;65.0;65.0;null;null;null;3.966920445;9.9286E-5;3.967019731;3.830836114;1.23632E-4;3.830959746;3.807264827;9.5606E-5;3.807360433;20.0;20.0;15;1.0;1.3333333333333333;1.3333333333333333;15;0;66;98;45;3.0;6;2.0;32768;0;0
randomProcessModel364_annotated1.bpmn;/home/necmic/Onedrive/Desktop/EvaluationSetup/Test1_1-BoundaryTest1_Weak-Dynamic/BoundaryTest_decision-15/annotated/randomProcessModel364_annotated1.bpmn;null;null;null;null;null;;1;1;1;null;1;1;1;null;62.5;62.5;62.5;null;null;null;2.957534541;1.10519E-4;2.95764506;3.166833984;1.07881E-4;3.166941865;2.951066925;1.27457E-4;2.951194382;20.0;20.0;15;1.0;1.3333333333333333;1.3333333333333333;15;0;66;98;45;3.0;6;2.0;32768;0;0
randomProcessModel363_annotated1.bpmn;/home/necmic/Onedrive/Desktop/EvaluationSetup/Test1_1-BoundaryTest1_Weak-Dynamic/BoundaryTest_decision-15/annotated/randomProcessModel363_annotated1.bpmn;null;null;null;null;null;;1;1;1;null;1;1;1;null;52.0;52.0;52.0;null;null;null;3.321744627;1.11902E-4;3.321856529;3.303424107;1.08983E-4;3.30353309;3.495155415;8.5487E-5;3.495240902;20.0;20.0;15;1.0;1.3333333333333333;1.3333333333333333;15;0;66;98;45;3.0;6;2.0;32768;0;0
randomProcessModel368_annotated1.bpmn;/home/necmic/Onedrive/Desktop/EvaluationSetup/Test1_1-BoundaryTest1_Weak-Dynamic/BoundaryTest_decision-15/annotated/randomProcessModel368_annotated1.bpmn;null;null;null;null;null;;1;1;1;null;1;1;1;null;58.5;58.5;58.5;null;null;null;3.105650673;9.8725E-5;3.105749398;3.094208199;9.6681E-5;3.09430488;3.206886264;1.01915E-4;3.206988179;20.0;20.0;15;1.0;1.3333333333333333;1.3333333333333333;15;0;66;98;45;3.0;6;2.0;32768;0;0
randomProcessModel361_annotated1.bpmn;/home/necmic/Onedrive/Desktop/EvaluationSetup/Test1_1-BoundaryTest1_Weak-Dynamic/BoundaryTest_decision-15/annotated/randomProcessModel361_annotated1.bpmn;null;null;null;null;null;;1;1;1;null;1;1;1;null;58.0;58.0;58.0;null;null;null;2.679073324;1.10167E-4;2.679183491;2.832393012;1.30092E-4;2.832523104;2.673655714;1.07408E-4;2.673763122;20.0;20.0;15;1.0;1.3333333333333333;1.3333333333333333;15;0;66;98;45;3.0;6;2.0;32768;0;0
randomProcessModel367_annotated1.bpmn;/home/necmic/Onedrive/Desktop/EvaluationSetup/Test1_1-BoundaryTest1_Weak-Dynamic/BoundaryTest_decision-15/annotated/randomProcessModel367_annotated1.bpmn;null;null;null;null;null;;1;1;1;null;1;1;1;null;60.0;60.0;60.0;null;null;null;3.480521069;9.0774E-5;3.480611843;3.437496921;8.671E-5;3.437583631;3.614903453;8.9568E-5;3.614993021;20.0;20.0;15;1.0;1.3333333333333333;1.3333333333333333;15;0;66;98;45;3.0;6;2.0;32768;0;0
randomProcessModel369_annotated1.bpmn;/home/necmic/Onedrive/Desktop/EvaluationSetup/Test1_1-BoundaryTest1_Weak-Dynamic/BoundaryTest_decision-15/annotated/randomProcessModel369_annotated1.bpmn;null;null;null;null;null;;1;1;1;null;1;1;1;null;62.0;62.0;62.0;null;null;null;3.547416966;9.4474E-5;3.54751144;3.507670353;1.03194E-4;3.507773547;3.70136229;1.37611E-4;3.701499901;20.0;20.0;15;1.0;1.3333333333333333;1.3333333333333333;15;0;66;98;45;3.0;6;2.0;32768;0;0
randomProcessModel365_annotated1.bpmn;/home/necmic/Onedrive/Desktop/EvaluationSetup/Test1_1-BoundaryTest1_Weak-Dynamic/BoundaryTest_decision-15/annotated/randomProcessModel365_annotated1.bpmn;null;null;null;null;null;;1;1;1;null;1;1;1;null;57.5;57.5;57.5;null;null;null;2.559874803;1.01929E-4;2.559976732;2.599463033;1.11402E-4;2.599574435;2.629160368;9.8635E-5;2.629259003;20.0;20.0;15;1.0;1.3333333333333333;1.3333333333333333;15;0;66;98;45;3.0;6;2.0;32768;0;0
randomProcessModel379_annotated1.bpmn;/home/necmic/Onedrive/Desktop/EvaluationSetup/Test1_1-BoundaryTest1_Weak-Dynamic/BoundaryTest_decision-16/annotated/randomProcessModel379_annotated1.bpmn;null;null;null;null;null;;1;1;1;null;1;1;1;null;62.0;62.0;62.0;null;null;null;10.196437912;1.06136E-4;10.196544048;9.48455438;9.9595E-5;9.484653975;9.19241611;1.16124E-4;9.192532234;21.0;21.0;16;1.0;1.3125;1.3125;16;0;70;104;48;3.0;6;2.0;65536;0;0
randomProcessModel372_annotated1.bpmn;/home/necmic/Onedrive/Desktop/EvaluationSetup/Test1_1-BoundaryTest1_Weak-Dynamic/BoundaryTest_decision-16/annotated/randomProcessModel372_annotated1.bpmn;null;null;null;null;null;;1;1;1;null;1;1;1;null;67.0;67.0;67.0;null;null;null;6.506126432;1.28376E-4;6.506254808;7.111792103;1.02285E-4;7.111894388;8.274031216;9.8707E-5;8.274129923;21.0;21.0;16;1.0;1.3125;1.3125;16;0;70;104;48;3.0;6;2.0;65536;0;0
randomProcessModel371_annotated1.bpmn;/home/necmic/Onedrive/Desktop/EvaluationSetup/Test1_1-BoundaryTest1_Weak-Dynamic/BoundaryTest_decision-16/annotated/randomProcessModel371_annotated1.bpmn;null;null;null;null;null;;1;1;1;null;1;1;1;null;67.0;67.0;67.0;null;null;null;5.714115669;1.1891E-4;5.714234579;7.375375491;9.9699E-5;7.37547519;6.443853561;9.4773E-5;6.443948334;21.0;21.0;16;1.0;1.3125;1.3125;16;0;70;104;48;3.0;6;2.0;65536;0;0
randomProcessModel380_annotated1.bpmn;/home/necmic/Onedrive/Desktop/EvaluationSetup/Test1_1-BoundaryTest1_Weak-Dynamic/BoundaryTest_decision-16/annotated/randomProcessModel380_annotated1.bpmn;null;null;null;null;null;;1;1;1;null;1;1;1;null;63.0;63.0;63.0;null;null;null;6.304419073;1.11321E-4;6.304530394;6.134550057;1.12455E-4;6.134662512;7.753383655;9.7078E-5;7.753480733;21.0;21.0;16;1.0;1.3125;1.3125;16;0;70;104;48;3.0;6;2.0;65536;0;0
randomProcessModel378_annotated1.bpmn;/home/necmic/Onedrive/Desktop/EvaluationSetup/Test1_1-BoundaryTest1_Weak-Dynamic/BoundaryTest_decision-16/annotated/randomProcessModel378_annotated1.bpmn;null;null;null;null;null;;1;1;1;null;1;1;1;null;60.0;60.0;60.0;null;null;null;6.27954949;1.05808E-4;6.279655298;7.8943437;1.1861E-4;7.89446231;6.346228107;1.231E-4;6.346351207;21.0;21.0;16;1.0;1.3125;1.3125;16;0;70;104;48;3.0;6;2.0;65536;0;0
randomProcessModel377_annotated1.bpmn;/home/necmic/Onedrive/Desktop/EvaluationSetup/Test1_1-BoundaryTest1_Weak-Dynamic/BoundaryTest_decision-16/annotated/randomProcessModel377_annotated1.bpmn;null;null;null;null;null;;1;1;1;null;1;1;1;null;55.0;55.0;55.0;null;null;null;10.624646252;9.7741E-5;10.624743993;10.511074291;1.11891E-4;10.511186182;11.370151588;9.9655E-5;11.370251243;21.0;21.0;16;1.0;1.3125;1.3125;16;0;70;104;48;3.0;6;2.0;65536;0;0
randomProcessModel373_annotated1.bpmn;/home/necmic/Onedrive/Desktop/EvaluationSetup/Test1_1-BoundaryTest1_Weak-Dynamic/BoundaryTest_decision-16/annotated/randomProcessModel373_annotated1.bpmn;null;null;null;null;null;;1;1;1;null;1;1;1;null;58.0;58.0;58.0;null;null;null;7.209598082;1.1053E-4;7.209708612;8.981929579;1.04973E-4;8.982034552;9.637402608;9.7804E-5;9.637500412;21.0;21.0;16;1.0;1.3125;1.3125;16;0;70;104;48;3.0;6;2.0;65536;0;0
randomProcessModel375_annotated1.bpmn;/home/necmic/Onedrive/Desktop/EvaluationSetup/Test1_1-BoundaryTest1_Weak-Dynamic/BoundaryTest_decision-16/annotated/randomProcessModel375_annotated1.bpmn;null;null;null;null;null;;1;1;1;null;1;1;1;null;64.0;64.0;64.0;null;null;null;7.179033843;1.07287E-4;7.17914113;6.284747373;9.9285E-5;6.284846658;6.067165422;1.00739E-4;6.067266161;21.0;21.0;16;1.0;1.3125;1.3125;16;0;70;104;48;3.0;6;2.0;65536;0;0
randomProcessModel376_annotated1.bpmn;/home/necmic/Onedrive/Desktop/EvaluationSetup/Test1_1-BoundaryTest1_Weak-Dynamic/BoundaryTest_decision-16/annotated/randomProcessModel376_annotated1.bpmn;null;null;null;null;null;;1;1;1;null;1;1;1;null;65.5;65.5;65.5;null;null;null;10.775835147;1.16229E-4;10.775951376;10.985767486;1.33483E-4;10.985900969;13.304179734;1.05839E-4;13.304285573;21.0;21.0;16;1.0;1.3125;1.3125;16;0;70;104;48;3.0;6;2.0;65536;0;0
randomProcessModel374_annotated1.bpmn;/home/necmic/Onedrive/Desktop/EvaluationSetup/Test1_1-BoundaryTest1_Weak-Dynamic/BoundaryTest_decision-16/annotated/randomProcessModel374_annotated1.bpmn;null;null;null;null;null;;1;1;1;null;1;1;1;null;66.5;66.5;66.5;null;null;null;7.973088801;1.00476E-4;7.973189277;6.959393475;1.11819E-4;6.959505294;6.841549819;1.00596E-4;6.841650415;21.0;21.0;16;1.0;1.3125;1.3125;16;0;70;104;48;3.0;6;2.0;65536;0;0
randomProcessModel381_annotated1.bpmn;/home/necmic/Onedrive/Desktop/EvaluationSetup/Test1_1-BoundaryTest1_Weak-Dynamic/BoundaryTest_decision-17/annotated/randomProcessModel381_annotated1.bpmn;null;null;null;null;null;;1;1;1;null;1;1;1;null;67.0;67.0;67.0;null;null;null;27.288398237;1.39349E-4;27.288537586;27.544749137;1.12991E-4;27.544862128;26.022878754;1.0504E-4;26.022983794;22.0;22.0;17;1.0;1.2941176470588236;1.2941176470588236;17;0;74;110;51;3.0;6;2.0;131072;0;0
randomProcessModel387_annotated1.bpmn;/home/necmic/Onedrive/Desktop/EvaluationSetup/Test1_1-BoundaryTest1_Weak-Dynamic/BoundaryTest_decision-17/annotated/randomProcessModel387_annotated1.bpmn;null;null;null;null;null;;1;1;1;null;1;1;1;null;69.0;69.0;69.0;null;null;null;21.863694784;1.1772E-4;21.863812504;21.65266366;1.16792E-4;21.652780452;22.865101893;1.28125E-4;22.865230018;22.0;22.0;17;1.0;1.2941176470588236;1.2941176470588236;17;0;74;110;51;3.0;6;2.0;131072;0;0
randomProcessModel388_annotated1.bpmn;/home/necmic/Onedrive/Desktop/EvaluationSetup/Test1_1-BoundaryTest1_Weak-Dynamic/BoundaryTest_decision-17/annotated/randomProcessModel388_annotated1.bpmn;null;null;null;null;null;;1;1;1;null;1;1;1;null;66.0;66.0;66.0;null;null;null;33.210052177;1.1274E-4;33.210164917;33.381333681;1.18512E-4;33.381452193;33.385051144;1.04971E-4;33.385156115;22.0;22.0;17;1.0;1.2941176470588236;1.2941176470588236;17;0;74;110;51;3.0;6;2.0;131072;0;0
randomProcessModel382_annotated1.bpmn;/home/necmic/Onedrive/Desktop/EvaluationSetup/Test1_1-BoundaryTest1_Weak-Dynamic/BoundaryTest_decision-17/annotated/randomProcessModel382_annotated1.bpmn;null;null;null;null;null;;1;1;1;null;1;1;1;null;68.0;68.0;68.0;null;null;null;21.45180727;1.27091E-4;21.451934361;21.605789949;1.15667E-4;21.605905616;21.979991816;1.27029E-4;21.980118845;22.0;22.0;17;1.0;1.2941176470588236;1.2941176470588236;17;0;74;110;51;3.0;6;2.0;131072;0;0
randomProcessModel384_annotated1.bpmn;/home/necmic/Onedrive/Desktop/EvaluationSetup/Test1_1-BoundaryTest1_Weak-Dynamic/BoundaryTest_decision-17/annotated/randomProcessModel384_annotated1.bpmn;null;null;null;null;null;;1;1;1;null;1;1;1;null;68.0;68.0;68.0;null;null;null;15.496771761;1.09983E-4;15.496881744;15.364305782;1.13311E-4;15.364419093;12.801864645;1.05647E-4;12.801970292;22.0;22.0;17;1.0;1.2941176470588236;1.2941176470588236;17;0;74;110;51;3.0;6;2.0;131072;0;0
randomProcessModel389_annotated1.bpmn;/home/necmic/Onedrive/Desktop/EvaluationSetup/Test1_1-BoundaryTest1_Weak-Dynamic/BoundaryTest_decision-17/annotated/randomProcessModel389_annotated1.bpmn;null;null;null;null;null;;1;1;1;null;1;1;1;null;69.0;69.0;69.0;null;null;null;29.302798411;1.26684E-4;29.302925095;29.381148977;1.09213E-4;29.38125819;30.186690079;1.14428E-4;30.186804507;22.0;22.0;17;1.0;1.2941176470588236;1.2941176470588236;17;0;74;110;51;3.0;6;2.0;131072;0;0
randomProcessModel390_annotated1.bpmn;/home/necmic/Onedrive/Desktop/EvaluationSetup/Test1_1-BoundaryTest1_Weak-Dynamic/BoundaryTest_decision-17/annotated/randomProcessModel390_annotated1.bpmn;null;null;null;null;null;;1;1;1;null;1;1;1;null;67.5;67.5;67.5;null;null;null;14.175544672;1.16156E-4;14.175660828;14.022819948;1.09743E-4;14.022929691;12.22725195;1.14953E-4;12.227366903;22.0;22.0;17;1.0;1.2941176470588236;1.2941176470588236;17;0;74;110;51;3.0;6;2.0;131072;0;0
randomProcessModel383_annotated1.bpmn;/home/necmic/Onedrive/Desktop/EvaluationSetup/Test1_1-BoundaryTest1_Weak-Dynamic/BoundaryTest_decision-17/annotated/randomProcessModel383_annotated1.bpmn;null;null;null;null;null;;1;1;1;null;1;1;1;null;63.0;63.0;63.0;null;null;null;18.487544273;1.14345E-4;18.487658618;15.623678645;1.12541E-4;15.623791186;14.606396538;1.07963E-4;14.606504501;22.0;22.0;17;1.0;1.2941176470588236;1.2941176470588236;17;0;74;110;51;3.0;6;2.0;131072;0;0
randomProcessModel385_annotated1.bpmn;/home/necmic/Onedrive/Desktop/EvaluationSetup/Test1_1-BoundaryTest1_Weak-Dynamic/BoundaryTest_decision-17/annotated/randomProcessModel385_annotated1.bpmn;null;null;null;null;null;;1;1;1;null;1;1;1;null;58.0;58.0;58.0;null;null;null;19.427027966;1.0226E-4;19.427130226;19.383947232;1.1397E-4;19.384061202;19.900811632;1.00236E-4;19.900911868;22.0;22.0;17;1.0;1.2941176470588236;1.2941176470588236;17;0;74;110;51;3.0;6;2.0;131072;0;0
randomProcessModel386_annotated1.bpmn;/home/necmic/Onedrive/Desktop/EvaluationSetup/Test1_1-BoundaryTest1_Weak-Dynamic/BoundaryTest_decision-17/annotated/randomProcessModel386_annotated1.bpmn;null;null;null;null;null;;1;1;1;null;1;1;1;null;63.0;63.0;63.0;null;null;null;23.017650517;1.23711E-4;23.017774228;22.174923257;1.21528E-4;22.175044785;22.465137596;1.1441E-4;22.465252006;22.0;22.0;17;1.0;1.2941176470588236;1.2941176470588236;17;0;74;110;51;3.0;6;2.0;131072;0;0
randomProcessModel393_annotated1.bpmn;/home/necmic/Onedrive/Desktop/EvaluationSetup/Test1_1-BoundaryTest1_Weak-Dynamic/BoundaryTest_decision-18/annotated/randomProcessModel393_annotated1.bpmn;null;null;null;null;null;;1;1;1;null;1;1;1;null;74.5;74.5;74.5;null;null;null;36.671311314;1.37251E-4;36.671448565;37.699727412;1.16351E-4;37.699843763;36.435294946;1.09278E-4;36.435404224;23.0;23.0;18;1.0;1.2777777777777777;1.2777777777777777;18;0;78;116;54;3.0;6;2.0;262144;0;0
randomProcessModel394_annotated1.bpmn;/home/necmic/Onedrive/Desktop/EvaluationSetup/Test1_1-BoundaryTest1_Weak-Dynamic/BoundaryTest_decision-18/annotated/randomProcessModel394_annotated1.bpmn;null;null;null;null;null;;1;1;1;null;1;1;1;null;63.0;63.0;63.0;null;null;null;57.98387315;1.2082E-4;57.98399397;55.958249337;1.92545E-4;55.958441882;58.109400117;1.95471E-4;58.109595588;23.0;23.0;18;1.0;1.2777777777777777;1.2777777777777777;18;0;78;116;54;3.0;6;2.0;262144;0;0
randomProcessModel391_annotated1.bpmn;/home/necmic/Onedrive/Desktop/EvaluationSetup/Test1_1-BoundaryTest1_Weak-Dynamic/BoundaryTest_decision-18/annotated/randomProcessModel391_annotated1.bpmn;null;null;null;null;null;;1;1;1;null;1;1;1;null;72.0;72.0;72.0;null;null;null;48.660339222;1.18263E-4;48.660457485;49.407508438;1.23146E-4;49.407631584;48.750543228;1.23859E-4;48.750667087;23.0;23.0;18;1.0;1.2777777777777777;1.2777777777777777;18;0;78;116;54;3.0;6;2.0;262144;0;0
randomProcessModel400_annotated1.bpmn;/home/necmic/Onedrive/Desktop/EvaluationSetup/Test1_1-BoundaryTest1_Weak-Dynamic/BoundaryTest_decision-18/annotated/randomProcessModel400_annotated1.bpmn;null;null;null;null;null;;1;1;1;null;1;1;1;null;73.5;73.5;73.5;null;null;null;62.128223513;1.22621E-4;62.128346134;64.550523294;1.25597E-4;64.550648891;61.735283581;1.5798E-4;61.735441561;23.0;23.0;18;1.0;1.2777777777777777;1.2777777777777777;18;0;78;116;54;3.0;6;2.0;262144;0;0
randomProcessModel392_annotated1.bpmn;/home/necmic/Onedrive/Desktop/EvaluationSetup/Test1_1-BoundaryTest1_Weak-Dynamic/BoundaryTest_decision-18/annotated/randomProcessModel392_annotated1.bpmn;null;null;null;null;null;;1;1;1;null;1;1;1;null;70.0;70.0;70.0;null;null;null;34.910268064;1.11177E-4;34.910379241;36.464672;1.17685E-4;36.464789685;36.369545692;1.30434E-4;36.369676126;23.0;23.0;18;1.0;1.2777777777777777;1.2777777777777777;18;0;78;116;54;3.0;6;2.0;262144;0;0
randomProcessModel397_annotated1.bpmn;/home/necmic/Onedrive/Desktop/EvaluationSetup/Test1_1-BoundaryTest1_Weak-Dynamic/BoundaryTest_decision-18/annotated/randomProcessModel397_annotated1.bpmn;null;null;null;null;null;;1;1;1;null;1;1;1;null;76.0;76.0;76.0;null;null;null;41.550320617;1.26527E-4;41.550447144;39.933336623;1.16845E-4;39.933453468;39.807334676;1.56495E-4;39.807491171;23.0;23.0;18;1.0;1.2777777777777777;1.2777777777777777;18;0;78;116;54;3.0;6;2.0;262144;0;0
randomProcessModel398_annotated1.bpmn;/home/necmic/Onedrive/Desktop/EvaluationSetup/Test1_1-BoundaryTest1_Weak-Dynamic/BoundaryTest_decision-18/annotated/randomProcessModel398_annotated1.bpmn;null;null;null;null;null;;1;1;1;null;1;1;1;null;74.0;74.0;74.0;null;null;null;55.913713044;1.1558E-4;55.913828624;58.036766882;1.24984E-4;58.036891866;56.718160759;1.15239E-4;56.718275998;23.0;23.0;18;1.0;1.2777777777777777;1.2777777777777777;18;0;78;116;54;3.0;6;2.0;262144;0;0
randomProcessModel395_annotated1.bpmn;/home/necmic/Onedrive/Desktop/EvaluationSetup/Test1_1-BoundaryTest1_Weak-Dynamic/BoundaryTest_decision-18/annotated/randomProcessModel395_annotated1.bpmn;null;null;null;null;null;;1;1;1;null;1;1;1;null;66.0;66.0;66.0;null;null;null;30.784275207;1.20583E-4;30.78439579;31.768409011;1.16695E-4;31.768525706;30.304289244;1.19372E-4;30.304408616;23.0;23.0;18;1.0;1.2777777777777777;1.2777777777777777;18;0;78;116;54;3.0;6;2.0;262144;0;0
randomProcessModel399_annotated1.bpmn;/home/necmic/Onedrive/Desktop/EvaluationSetup/Test1_1-BoundaryTest1_Weak-Dynamic/BoundaryTest_decision-18/annotated/randomProcessModel399_annotated1.bpmn;null;null;null;null;null;;1;1;1;null;1;1;1;null;63.5;63.5;63.5;null;null;null;58.302497314;1.12012E-4;58.302609326;57.459988926;1.35928E-4;57.460124854;57.900978123;1.48149E-4;57.901126272;23.0;23.0;18;1.0;1.2777777777777777;1.2777777777777777;18;0;78;116;54;3.0;6;2.0;262144;0;0
randomProcessModel396_annotated1.bpmn;/home/necmic/Onedrive/Desktop/EvaluationSetup/Test1_1-BoundaryTest1_Weak-Dynamic/BoundaryTest_decision-18/annotated/randomProcessModel396_annotated1.bpmn;null;null;null;null;null;;1;1;1;null;1;1;1;null;81.0;81.0;81.0;null;null;null;43.512979324;1.08424E-4;43.513087748;43.795692635;1.13075E-4;43.79580571;43.749050631;1.05539E-4;43.74915617;23.0;23.0;18;1.0;1.2777777777777777;1.2777777777777777;18;0;78;116;54;3.0;6;2.0;262144;0;0
randomProcessModel410_annotated1.bpmn;/home/necmic/Onedrive/Desktop/EvaluationSetup/Test1_1-BoundaryTest1_Weak-Dynamic/BoundaryTest_decision-19/annotated/randomProcessModel410_annotated1.bpmn;null;null;null;null;null;;1;1;1;null;1;1;1;null;82.0;82.0;82.0;null;null;null;145.690261797;1.206E-4;145.690382397;147.349977863;1.28988E-4;147.350106851;144.474476835;1.40216E-4;144.474617051;25.0;25.0;19;1.0;1.3157894736842106;1.3157894736842106;19;0;82;122;57;3.0;6;2.0;524288;0;0
randomProcessModel402_annotated1.bpmn;/home/necmic/Onedrive/Desktop/EvaluationSetup/Test1_1-BoundaryTest1_Weak-Dynamic/BoundaryTest_decision-19/annotated/randomProcessModel402_annotated1.bpmn;null;null;null;null;null;;1;1;1;null;1;1;1;null;76.0;76.0;76.0;null;null;null;119.092020734;1.47292E-4;119.092168026;111.371475116;1.32412E-4;111.371607528;109.491082924;1.4513E-4;109.491228054;25.0;25.0;19;1.0;1.3157894736842106;1.3157894736842106;19;0;82;122;57;3.0;6;2.0;524288;0;0
randomProcessModel404_annotated1.bpmn;/home/necmic/Onedrive/Desktop/EvaluationSetup/Test1_1-BoundaryTest1_Weak-Dynamic/BoundaryTest_decision-19/annotated/randomProcessModel404_annotated1.bpmn;null;null;null;null;null;;1;1;1;null;1;1;1;null;75.5;75.5;75.5;null;null;null;111.154698498;1.93018E-4;111.154891516;108.879893134;1.35041E-4;108.880028175;113.808212764;1.11744E-4;113.808324508;25.0;25.0;19;1.0;1.3157894736842106;1.3157894736842106;19;0;82;122;57;3.0;6;2.0;524288;0;0
randomProcessModel403_annotated1.bpmn;/home/necmic/Onedrive/Desktop/EvaluationSetup/Test1_1-BoundaryTest1_Weak-Dynamic/BoundaryTest_decision-19/annotated/randomProcessModel403_annotated1.bpmn;null;null;null;null;null;;1;1;1;null;1;1;1;null;77.0;77.0;77.0;null;null;null;138.147148988;1.59183E-4;138.147308171;139.526733675;1.55324E-4;139.526888999;140.530010476;1.18654E-4;140.53012913;25.0;25.0;19;1.0;1.3157894736842106;1.3157894736842106;19;0;82;122;57;3.0;6;2.0;524288;0;0
randomProcessModel408_annotated1.bpmn;/home/necmic/Onedrive/Desktop/EvaluationSetup/Test1_1-BoundaryTest1_Weak-Dynamic/BoundaryTest_decision-19/annotated/randomProcessModel408_annotated1.bpmn;null;null;null;null;null;;1;1;1;null;1;1;1;null;71.0;71.0;71.0;null;null;null;85.114867892;1.2534E-4;85.114993232;86.361374711;1.24525E-4;86.361499236;91.293295044;1.13861E-4;91.293408905;25.0;25.0;19;1.0;1.3157894736842106;1.3157894736842106;19;0;82;122;57;3.0;6;2.0;524288;0;0
randomProcessModel406_annotated1.bpmn;/home/necmic/Onedrive/Desktop/EvaluationSetup/Test1_1-BoundaryTest1_Weak-Dynamic/BoundaryTest_decision-19/annotated/randomProcessModel406_annotated1.bpmn;null;null;null;null;null;;1;1;1;null;1;1;1;null;79.0;79.0;79.0;null;null;null;152.359703182;1.21631E-4;152.359824813;153.433303044;1.80791E-4;153.433483835;155.574211187;1.77455E-4;155.574388642;25.0;25.0;19;1.0;1.3157894736842106;1.3157894736842106;19;0;82;122;57;3.0;6;2.0;524288;0;0
randomProcessModel407_annotated1.bpmn;/home/necmic/Onedrive/Desktop/EvaluationSetup/Test1_1-BoundaryTest1_Weak-Dynamic/BoundaryTest_decision-19/annotated/randomProcessModel407_annotated1.bpmn;null;null;null;null;null;;1;1;1;null;1;1;1;null;71.0;71.0;71.0;null;null;null;107.439626427;1.49361E-4;107.439775788;108.438282862;1.40245E-4;108.438423107;103.993587153;1.21334E-4;103.993708487;25.0;25.0;19;1.0;1.3157894736842106;1.3157894736842106;19;0;82;122;57;3.0;6;2.0;524288;0;0
randomProcessModel409_annotated1.bpmn;/home/necmic/Onedrive/Desktop/EvaluationSetup/Test1_1-BoundaryTest1_Weak-Dynamic/BoundaryTest_decision-19/annotated/randomProcessModel409_annotated1.bpmn;null;null;null;null;null;;1;1;1;null;1;1;1;null;74.0;74.0;74.0;null;null;null;103.815477855;1.17868E-4;103.815595723;104.736616375;1.25886E-4;104.736742261;96.220493786;1.37521E-4;96.220631307;25.0;25.0;19;1.0;1.3157894736842106;1.3157894736842106;19;0;82;122;57;3.0;6;2.0;524288;0;0
randomProcessModel405_annotated1.bpmn;/home/necmic/Onedrive/Desktop/EvaluationSetup/Test1_1-BoundaryTest1_Weak-Dynamic/BoundaryTest_decision-19/annotated/randomProcessModel405_annotated1.bpmn;null;null;null;null;null;;1;1;1;null;1;1;1;null;68.0;68.0;68.0;null;null;null;129.274928166;1.22557E-4;129.275050723;127.965656439;1.17095E-4;127.965773534;128.644821931;1.15339E-4;128.64493727;25.0;25.0;19;1.0;1.3157894736842106;1.3157894736842106;19;0;82;122;57;3.0;6;2.0;524288;0;0
randomProcessModel401_annotated1.bpmn;/home/necmic/Onedrive/Desktop/EvaluationSetup/Test1_1-BoundaryTest1_Weak-Dynamic/BoundaryTest_decision-19/annotated/randomProcessModel401_annotated1.bpmn;null;null;null;null;null;;1;1;1;null;1;1;1;null;73.0;73.0;73.0;null;null;null;118.931576799;1.27236E-4;118.931704035;118.12792767;1.19676E-4;118.128047346;125.486992791;1.15706E-4;125.487108497;25.0;25.0;19;1.0;1.3157894736842106;1.3157894736842106;19;0;82;122;57;3.0;6;2.0;524288;0;0
randomProcessModel419_annotated1.bpmn;/home/necmic/Onedrive/Desktop/EvaluationSetup/Test1_1-BoundaryTest1_Weak-Dynamic/BoundaryTest_decision-20/annotated/randomProcessModel419_annotated1.bpmn;null;null;java.util.concurrent.TimeoutException;java.util.concurrent.TimeoutException;java.util.concurrent.TimeoutException;;;;;null;null;null;null;null;null;null;null;null;null;null;null;null;null;null;null;null;null;null;null;26.0;26.0;20;1.0;1.3;1.3;20;0;86;128;60;3.0;6;2.0;1048576;0;0
randomProcessModel414_annotated1.bpmn;/home/necmic/Onedrive/Desktop/EvaluationSetup/Test1_1-BoundaryTest1_Weak-Dynamic/BoundaryTest_decision-20/annotated/randomProcessModel414_annotated1.bpmn;null;null;java.util.concurrent.TimeoutException;java.util.concurrent.TimeoutException;java.util.concurrent.TimeoutException;;;;;null;null;null;null;null;null;null;null;null;null;null;null;null;null;null;null;null;null;null;null;26.0;26.0;20;1.0;1.3;1.3;20;0;86;128;60;3.0;6;2.0;1048576;0;0
randomProcessModel416_annotated1.bpmn;/home/necmic/Onedrive/Desktop/EvaluationSetup/Test1_1-BoundaryTest1_Weak-Dynamic/BoundaryTest_decision-20/annotated/randomProcessModel416_annotated1.bpmn;null;null;java.util.concurrent.TimeoutException;java.util.concurrent.TimeoutException;java.util.concurrent.TimeoutException;;;;;null;null;null;null;null;null;null;null;null;null;null;null;null;null;null;null;null;null;null;null;26.0;26.0;20;1.0;1.3;1.3;20;0;86;128;60;3.0;6;2.0;1048576;0;0
randomProcessModel420_annotated1.bpmn;/home/necmic/Onedrive/Desktop/EvaluationSetup/Test1_1-BoundaryTest1_Weak-Dynamic/BoundaryTest_decision-20/annotated/randomProcessModel420_annotated1.bpmn;null;null;java.util.concurrent.TimeoutException;java.util.concurrent.TimeoutException;java.util.concurrent.TimeoutException;;;;;null;null;null;null;null;null;null;null;null;null;null;null;null;null;null;null;null;null;null;null;26.0;26.0;20;1.0;1.3;1.3;20;0;86;128;60;3.0;6;2.0;1048576;0;0
randomProcessModel413_annotated1.bpmn;/home/necmic/Onedrive/Desktop/EvaluationSetup/Test1_1-BoundaryTest1_Weak-Dynamic/BoundaryTest_decision-20/annotated/randomProcessModel413_annotated1.bpmn;null;null;java.util.concurrent.TimeoutException;java.util.concurrent.TimeoutException;java.util.concurrent.TimeoutException;;;;;null;null;null;null;null;null;null;null;null;null;null;null;null;null;null;null;null;null;null;null;26.0;26.0;20;1.0;1.3;1.3;20;0;86;128;60;3.0;6;2.0;1048576;0;0
randomProcessModel417_annotated1.bpmn;/home/necmic/Onedrive/Desktop/EvaluationSetup/Test1_1-BoundaryTest1_Weak-Dynamic/BoundaryTest_decision-20/annotated/randomProcessModel417_annotated1.bpmn;null;null;java.util.concurrent.TimeoutException;java.util.concurrent.TimeoutException;java.util.concurrent.TimeoutException;;;;;null;null;null;null;null;null;null;null;null;null;null;null;null;null;null;null;null;null;null;null;26.0;26.0;20;1.0;1.3;1.3;20;0;86;128;60;3.0;6;2.0;1048576;0;0
randomProcessModel412_annotated1.bpmn;/home/necmic/Onedrive/Desktop/EvaluationSetup/Test1_1-BoundaryTest1_Weak-Dynamic/BoundaryTest_decision-20/annotated/randomProcessModel412_annotated1.bpmn;null;null;java.util.concurrent.TimeoutException;java.util.concurrent.TimeoutException;java.util.concurrent.TimeoutException;;;;;null;null;null;null;null;null;null;null;null;null;null;null;null;null;null;null;null;null;null;null;26.0;26.0;20;1.0;1.3;1.3;20;0;86;128;60;3.0;6;2.0;1048576;0;0
randomProcessModel411_annotated1.bpmn;/home/necmic/Onedrive/Desktop/EvaluationSetup/Test1_1-BoundaryTest1_Weak-Dynamic/BoundaryTest_decision-20/annotated/randomProcessModel411_annotated1.bpmn;null;null;java.util.concurrent.TimeoutException;java.util.concurrent.TimeoutException;java.util.concurrent.TimeoutException;;;;;null;null;null;null;null;null;null;null;null;null;null;null;null;null;null;null;null;null;null;null;26.0;26.0;20;1.0;1.3;1.3;20;0;86;128;60;3.0;6;2.0;1048576;0;0
randomProcessModel418_annotated1.bpmn;/home/necmic/Onedrive/Desktop/EvaluationSetup/Test1_1-BoundaryTest1_Weak-Dynamic/BoundaryTest_decision-20/annotated/randomProcessModel418_annotated1.bpmn;null;null;java.util.concurrent.TimeoutException;java.util.concurrent.TimeoutException;java.util.concurrent.TimeoutException;;;;;null;null;null;null;null;null;null;null;null;null;null;null;null;null;null;null;null;null;null;null;26.0;26.0;20;1.0;1.3;1.3;20;0;86;128;60;3.0;6;2.0;1048576;0;0
randomProcessModel415_annotated1.bpmn;/home/necmic/Onedrive/Desktop/EvaluationSetup/Test1_1-BoundaryTest1_Weak-Dynamic/BoundaryTest_decision-20/annotated/randomProcessModel415_annotated1.bpmn;null;null;java.util.concurrent.TimeoutException;java.util.concurrent.TimeoutException;java.util.concurrent.TimeoutException;;;;;null;null;null;null;null;null;null;null;null;null;null;null;null;null;null;null;null;null;null;null;26.0;26.0;20;1.0;1.3;1.3;20;0;86;128;60;3.0;6;2.0;1048576;0;0
